coin,change_type,old_size,new_size,old_position_value,new_position_value,timestamp,human_time
BTC,opened_long,,9e-05,,10.63062,1754806359514,2025-08-10 08:12:39
LTC,opened_long,,7376.85,,899090.478,1754806359514,2025-08-10 08:12:39
HYPE,opened_long,,77954.56,,3410512.0,1754806359514,2025-08-10 08:12:39
BTC,closed,9e-05,0.0,10.63098,0.0,1756406782785,2025-08-28 20:46:22
ETH,opened_long,,0.5755,,2581.29015,1756406782785,2025-08-28 20:46:22
LTC,decreased,7376.85,5303.77,899016.7095,597575.7659,1756406782785,2025-08-28 20:46:22
HYPE,increased,77954.56,95810.47,3406302.45376,4510469.49619,1756406782785,2025-08-28 20:46:22
PUMP,opened_long,,285423931.0,,923346.416785,1756406782785,2025-08-28 20:46:22
BTC,opened_short,,-282.42431,,25200438.75699,1766975469461,2025-12-29 03:31:09
ETH,flipped,0.5755,-3474.8332,2581.29015,10447433.49912,1766975469461,2025-12-29 03:31:09
ATOM,opened_short,,-3.63,,7.573995,1766975469461,2025-12-29 03:31:09
SOL,opened_short,,-70262.83,,9053365.6455,1766975469461,2025-12-29 03:31:09
AVAX,opened_short,,-16268.14,,209370.9618,1766975469461,2025-12-29 03:31:09
BNB,opened_short,,-832.24,,722134.648,1766975469461,2025-12-29 03:31:09
LTC,flipped,5303.77,-3199.53,597575.7659,253517.95908,1766975469461,2025-12-29 03:31:09
ARB,opened_long,,228969.7,,45171.142416,1766975469461,2025-12-29 03:31:09
DOGE,opened_short,,-9960702.0,,1259929.19598,1766975469461,2025-12-29 03:31:09
INJ,opened_short,,-0.4,,1.93188,1766975469461,2025-12-29 03:31:09
SUI,opened_long,,111247.2,,164512.35936,1766975469461,2025-12-29 03:31:09
kPEPE,opened_short,,-127948694.0,,546980.66685,1766975469461,2025-12-29 03:31:09
CRV,opened_short,,-123960.5,,49690.80603,1766975469461,2025-12-29 03:31:09
LDO,opened_short,,-1044431.1,,630763.274223,1766975469461,2025-12-29 03:31:09
LINK,opened_short,,-117361.0,,1495061.779,1766975469461,2025-12-29 03:31:09
STX,opened_short,,-4.1,,1.094536,1766975469461,2025-12-29 03:31:09
SNX,opened_short,,-5191.2,,2266.21836,1766975469461,2025-12-29 03:31:09
XRP,opened_short,,-2426111.0,,4595539.4562,1766975469461,2025-12-29 03:31:09
BCH,opened_short,,-167.629,,102878.94617,1766975469461,2025-12-29 03:31:09
APT,opened_short,,-17800.01,,31338.697606,1766975469461,2025-12-29 03:31:09
AAVE,opened_short,,-3188.79,,496048.1724,1766975469461,2025-12-29 03:31:09
WLD,opened_short,,-597675.2,,306798.633664,1766975469461,2025-12-29 03:31:09
TRX,opened_short,,-1156925.0,,330174.82575,1766975469461,2025-12-29 03:31:09
kSHIB,opened_short,,-584.0,,4.378832,1766975469461,2025-12-29 03:31:09
UNI,opened_short,,-94722.9,,598307.72556,1766975469461,2025-12-29 03:31:09
SEI,opened_short,,-1497669.0,,173579.8371,1766975469461,2025-12-29 03:31:09
TIA,opened_short,,-384172.1,,183396.077098,1766975469461,2025-12-29 03:31:09
ADA,opened_long,,937739.0,,353602.62212,1766975469461,2025-12-29 03:31:09
TON,opened_short,,-129244.7,,216174.68522,1766975469461,2025-12-29 03:31:09
NEAR,opened_short,,-3.5,,5.58635,1766975469461,2025-12-29 03:31:09
PYTH,opened_short,,-695310.0,,42845.0022,1766975469461,2025-12-29 03:31:09
kBONK,opened_short,,-2741023.0,,22325.632335,1766975469461,2025-12-29 03:31:09
JUP,opened_long,,527252.0,,106847.6178,1766975469461,2025-12-29 03:31:09
WIF,opened_short,,-896055.0,,286441.90185,1766975469461,2025-12-29 03:31:09
ONDO,opened_short,,-426249.0,,167532.90696,1766975469461,2025-12-29 03:31:09
STRK,opened_long,,38.9,,3.208861,1766975469461,2025-12-29 03:31:09
TAO,opened_short,,-2184.624,,496696.11264,1766975469461,2025-12-29 03:31:09
kFLOKI,opened_short,,-918174.0,,38145.53883,1766975469461,2025-12-29 03:31:09
ETHFI,opened_long,,9.0,,6.47361,1766975469461,2025-12-29 03:31:09
ENA,opened_short,,-4657007.0,,993851.86387,1766975469461,2025-12-29 03:31:09
POPCAT,opened_short,,-305961.0,,25350.704616,1766975469461,2025-12-29 03:31:09
EIGEN,opened_long,,262806.31,,104649.472642,1766975469461,2025-12-29 03:31:09
TURBO,opened_long,,853.0,,1.493603,1766975469461,2025-12-29 03:31:09
BLAST,opened_long,,673.0,,0.479176,1766975469461,2025-12-29 03:31:09
GOAT,opened_long,,234.0,,7.817004,1766975469461,2025-12-29 03:31:09
MOODENG,opened_long,,245.0,,17.90607,1766975469461,2025-12-29 03:31:09
GRASS,opened_long,,3.0,,0.91095,1766975469461,2025-12-29 03:31:09
PURR,opened_long,,121.0,,6.811332,1766975469461,2025-12-29 03:31:09
PNUT,opened_short,,-50.1,,3.667821,1766975469461,2025-12-29 03:31:09
XLM,opened_short,,-3.0,,0.66933,1766975469461,2025-12-29 03:31:09
CHILLGUY,opened_long,,647.0,,10.488517,1766975469461,2025-12-29 03:31:09
HYPE,flipped,95810.47,-750658.58,4510469.49619,19625217.91552,1766975469461,2025-12-29 03:31:09
ME,opened_long,,2.1,,0.441105,1766975469461,2025-12-29 03:31:09
VIRTUAL,opened_short,,-744336.1,,527481.220626,1766975469461,2025-12-29 03:31:09
PENGU,opened_short,,-39174151.0,,371762.69299,1766975469461,2025-12-29 03:31:09
USUAL,opened_long,,17.7,,0.456129,1766975469461,2025-12-29 03:31:09
FARTCOIN,opened_short,,-7162078.6,,2261569.559522,1766975469461,2025-12-29 03:31:09
AIXBT,opened_short,,-282143.0,,9023.497426,1766975469461,2025-12-29 03:31:09
GRIFFAIN,opened_short,,-6298309.0,,102095.58889,1766975469461,2025-12-29 03:31:09
SPX,opened_short,,-822217.0,,421369.76816,1766975469461,2025-12-29 03:31:09
MORPHO,opened_long,,9.4,,11.30444,1766975469461,2025-12-29 03:31:09
TRUMP,opened_long,,38603.9,,191579.57453,1766975469461,2025-12-29 03:31:09
MELANIA,opened_long,,1521440.8,,177247.8532,1766975469461,2025-12-29 03:31:09
BERA,opened_short,,-1.5,,0.963825,1766975469461,2025-12-29 03:31:09
TST,opened_long,,41.0,,0.738861,1766975469461,2025-12-29 03:31:09
LAYER,opened_long,,6.0,,1.0176,1766975469461,2025-12-29 03:31:09
IP,opened_short,,-256091.2,,408567.90048,1766975469461,2025-12-29 03:31:09
KAITO,opened_long,,4.0,,2.13728,1766975469461,2025-12-29 03:31:09
PAXG,opened_short,,-14.019,,63459.8073,1766975469461,2025-12-29 03:31:09
ZORA,opened_short,,-14443844.0,,628596.09088,1766975469461,2025-12-29 03:31:09
SOPH,opened_long,,112.0,,1.418816,1766975469461,2025-12-29 03:31:09
PUMP,flipped,285423931.0,-1297982679.0,923346.416785,2481742.882248,1766975469461,2025-12-29 03:31:09
YZY,opened_long,,2.0,,0.71524,1766975469461,2025-12-29 03:31:09
XPL,opened_short,,-17722531.0,,2889481.45424,1766975469461,2025-12-29 03:31:09
WLFI,opened_short,,-1305674.0,,192652.1987,1766975469461,2025-12-29 03:31:09
ASTER,opened_short,,-1216281.0,,881755.07376,1766975469461,2025-12-29 03:31:09
AVNT,opened_short,,-265245.0,,99246.72165,1766975469461,2025-12-29 03:31:09
STBL,opened_short,,-3268894.0,,170355.141916,1766975469461,2025-12-29 03:31:09
0G,opened_long,,3.0,,2.92473,1766975469461,2025-12-29 03:31:09
2Z,opened_short,,-125127.0,,14820.04188,1766975469461,2025-12-29 03:31:09
ZEC,opened_short,,-5437.26,,2944004.427,1766975469461,2025-12-29 03:31:09
MON,opened_short,,-43054744.0,,1018029.42188,1766975469461,2025-12-29 03:31:09
MET,opened_long,,175324.0,,45742.0316,1766975469461,2025-12-29 03:31:09
BTC,decreased,-282.42431,-281.53667,25200438.75699,25100683.35052,1766975530826,2025-12-29 03:32:10
ETH,decreased,-3474.8332,-3289.7836,10447433.49912,9882509.9344,1766975530826,2025-12-29 03:32:10
SOL,decreased,-70262.83,-69455.28,9053365.6455,8941672.7472,1766975530826,2025-12-29 03:32:10
BNB,decreased,-832.24,-831.465,722134.648,720838.58175,1766975530826,2025-12-29 03:32:10
LTC,increased,-3199.53,-3242.56,253517.95908,256813.99456,1766975530826,2025-12-29 03:32:10
LINK,increased,-117361.0,-117393.3,1495061.779,1495121.0688,1766975530826,2025-12-29 03:32:10
SNX,increased,-5191.2,-5235.4,2266.21836,2286.456242,1766975530826,2025-12-29 03:32:10
APT,decreased,-17800.01,-16518.82,31338.697606,29041.737442,1766975530826,2025-12-29 03:32:10
ENA,increased,-4657007.0,-4659283.0,993851.86387,993685.28541,1766975530826,2025-12-29 03:32:10
HYPE,increased,-750658.58,-750723.65,19625217.91552,19601394.5015,1766975530826,2025-12-29 03:32:10
PENGU,decreased,-39174151.0,-39143523.0,371762.69299,371002.310994,1766975530826,2025-12-29 03:32:10
AIXBT,decreased,-282143.0,-281644.0,9023.497426,9014.01622,1766975530826,2025-12-29 03:32:10
IP,decreased,-256091.2,-256079.9,408567.90048,408037.71266,1766975530826,2025-12-29 03:32:10
PAXG,increased,-14.019,-14.724,63459.8073,66631.9896,1766975530826,2025-12-29 03:32:10
ZORA,increased,-14443844.0,-14444482.0,628596.09088,627251.63085,1766975530826,2025-12-29 03:32:10
PUMP,increased,-1297982679.0,-1298397749.0,2481742.882248,2477342.905092,1766975530826,2025-12-29 03:32:10
XPL,decreased,-17722531.0,-17684305.0,2889481.45424,2883956.4594,1766975530826,2025-12-29 03:32:10
ASTER,increased,-1216281.0,-1217109.0,881755.07376,881418.16671,1766975530826,2025-12-29 03:32:10
STBL,decreased,-3268894.0,-3268526.0,170355.141916,169839.148012,1766975530826,2025-12-29 03:32:10
2Z,decreased,-125127.0,-125119.0,14820.04188,14827.85269,1766975530826,2025-12-29 03:32:10
MON,decreased,-43054744.0,-43040359.0,1018029.42188,1016699.360298,1766975530826,2025-12-29 03:32:10
MET,decreased,175324.0,175066.0,45742.0316,45660.71412,1766975530826,2025-12-29 03:32:10
BTC,decreased,-281.53667,-274.80057,25100683.35052,24480883.57902,1766976363864,2025-12-29 03:46:03
ETH,decreased,-3289.7836,-3254.2176,9882509.9344,9764605.33056,1766976363864,2025-12-29 03:46:03
SOL,decreased,-69455.28,-64938.42,8941672.7472,8368614.1854,1766976363864,2025-12-29 03:46:03
BNB,decreased,-831.465,-827.209,720838.58175,715957.66159,1766976363864,2025-12-29 03:46:03
LTC,increased,-3242.56,-3242.99,256813.99456,256092.43432,1766976363864,2025-12-29 03:46:03
ARB,increased,228969.7,229689.0,45141.376355,45191.31075,1766976363864,2025-12-29 03:46:03
DOGE,decreased,-9960702.0,-9959036.0,1259032.7328,1256730.75284,1766976363864,2025-12-29 03:46:03
SUI,decreased,111247.2,111142.8,164534.6088,164357.97264,1766976363864,2025-12-29 03:46:03
CRV,decreased,-123960.5,-123883.1,49633.7842,49747.736467,1766976363864,2025-12-29 03:46:03
LDO,increased,-1044431.1,-1045557.2,630167.948496,629017.667092,1766976363864,2025-12-29 03:46:03
LINK,decreased,-117393.3,-117086.0,1495121.0688,1490621.866,1766976363864,2025-12-29 03:46:03
SNX,increased,-5235.4,-6972.6,2286.456242,3018.717444,1766976363864,2025-12-29 03:46:03
XRP,decreased,-2426111.0,-2426091.0,4593841.1785,4585069.3809,1766976363864,2025-12-29 03:46:03
BCH,decreased,-167.629,-167.477,102816.92344,103557.72818,1766976363864,2025-12-29 03:46:03
APT,decreased,-16518.82,-8002.3,29041.737442,14049.63811,1766976363864,2025-12-29 03:46:03
AAVE,increased,-3188.79,-3193.89,495729.2934,498023.2677,1766976363864,2025-12-29 03:46:03
WLD,increased,-597675.2,-599707.6,306732.889392,307206.215176,1766976363864,2025-12-29 03:46:03
TRX,increased,-1156925.0,-1157964.0,330244.24125,330679.77948,1766976363864,2025-12-29 03:46:03
UNI,decreased,-94722.9,-94039.6,597900.41709,589759.94744,1766976363864,2025-12-29 03:46:03
SEI,increased,-1497669.0,-1504356.0,173504.95365,174174.33768,1766976363864,2025-12-29 03:46:03
TIA,increased,-384172.1,-384203.4,183084.897697,182638.770258,1766976363864,2025-12-29 03:46:03
ADA,increased,937739.0,939009.0,353218.14913,353640.17949,1766976363864,2025-12-29 03:46:03
TON,decreased,-129244.7,-128268.4,215761.10218,215195.89468,1766976363864,2025-12-29 03:46:03
PYTH,decreased,-695310.0,-688574.0,42821.36166,42261.22925,1766976363864,2025-12-29 03:46:03
kBONK,increased,-2741023.0,-2930857.0,22314.668243,23857.17598,1766976363864,2025-12-29 03:46:03
JUP,increased,527252.0,529212.0,106789.62008,106874.3634,1766976363864,2025-12-29 03:46:03
WIF,decreased,-896055.0,-895888.0,286182.0459,285967.4496,1766976363864,2025-12-29 03:46:03
ONDO,increased,-426249.0,-427094.0,167387.9823,167570.3309,1766976363864,2025-12-29 03:46:03
TAO,increased,-2184.624,-2185.424,496346.5728,497708.46176,1766976363864,2025-12-29 03:46:03
ENA,increased,-4659283.0,-4662582.0,993685.28541,993829.3533,1766976363864,2025-12-29 03:46:03
POPCAT,increased,-305961.0,-312247.0,25337.548293,25800.032869,1766976363864,2025-12-29 03:46:03
EIGEN,decreased,262806.31,257705.09,104570.630749,102437.773275,1766976363864,2025-12-29 03:46:03
HYPE,increased,-750723.65,-752467.16,19601394.5015,19625848.46712,1766976363864,2025-12-29 03:46:03
PENGU,decreased,-39143523.0,-39082832.0,371002.310994,370036.253376,1766976363864,2025-12-29 03:46:03
FARTCOIN,increased,-7162078.6,-7171608.9,2259850.660658,2267877.882447,1766976363864,2025-12-29 03:46:03
AIXBT,decreased,-281644.0,-279462.0,9014.01622,8923.22166,1766976363864,2025-12-29 03:46:03
GRIFFAIN,decreased,-6298309.0,-6294713.0,102095.58889,101697.383228,1766976363864,2025-12-29 03:46:03
SPX,increased,-822217.0,-835086.0,421476.65637,428181.99564,1766976363864,2025-12-29 03:46:03
TRUMP,decreased,38603.9,38579.5,191529.38946,191585.797,1766976363864,2025-12-29 03:46:03
IP,increased,-256079.9,-262835.7,408037.71266,418828.68795,1766976363864,2025-12-29 03:46:03
PAXG,increased,-14.724,-15.369,66631.9896,69620.0331,1766976363864,2025-12-29 03:46:03
ZORA,increased,-14444482.0,-14459697.0,627251.63085,623733.489792,1766976363864,2025-12-29 03:46:03
PUMP,increased,-1298397749.0,-1302516621.0,2477342.905092,2487806.74611,1766976363864,2025-12-29 03:46:03
XPL,decreased,-17684305.0,-17543964.0,2883956.4594,2854402.9428,1766976363864,2025-12-29 03:46:03
ASTER,increased,-1217109.0,-1223058.0,881418.16671,883365.87108,1766976363864,2025-12-29 03:46:03
AVNT,decreased,-265245.0,-264921.0,98819.6772,98640.68514,1766976363864,2025-12-29 03:46:03
STBL,decreased,-3268526.0,-3256693.0,169839.148012,170080.791925,1766976363864,2025-12-29 03:46:03
2Z,increased,-125119.0,-126297.0,14827.85269,14993.97984,1766976363864,2025-12-29 03:46:03
ZEC,decreased,-5437.26,-5412.88,2940361.4628,2922522.1696,1766976363864,2025-12-29 03:46:03
MON,increased,-43040359.0,-43411595.0,1016699.360298,1045351.2076,1766976363864,2025-12-29 03:46:03
MET,decreased,175066.0,174570.0,45660.71412,45540.0759,1766976363864,2025-12-29 03:46:03
BTC,decreased,-274.80057,-274.77858,24480883.57902,24483595.81374,1766976425315,2025-12-29 03:47:05
SOL,decreased,-64938.42,-64790.97,8368614.1854,8356739.3106,1766976425315,2025-12-29 03:47:05
ARB,increased,229689.0,229851.8,45191.31075,45110.714268,1766976425315,2025-12-29 03:47:05
DOGE,decreased,-9959036.0,-9956058.0,1256730.75284,1256354.95902,1766976425315,2025-12-29 03:47:05
CRV,decreased,-123883.1,-123842.7,49747.736467,49735.22832,1766976425315,2025-12-29 03:47:05
LINK,increased,-117086.0,-117714.7,1490621.866,1499332.1339,1766976425315,2025-12-29 03:47:05
BCH,decreased,-167.477,-163.768,103557.72818,101103.81248,1766976425315,2025-12-29 03:47:05
APT,decreased,-8002.3,-7980.26,14049.63811,14010.942482,1766976425315,2025-12-29 03:47:05
AAVE,increased,-3193.89,-3197.1,498023.2677,497980.296,1766976425315,2025-12-29 03:47:05
PYTH,decreased,-688574.0,-688166.0,42261.22925,42213.478772,1766976425315,2025-12-29 03:47:05
JUP,increased,529212.0,529423.0,106874.3634,106932.85754,1766976425315,2025-12-29 03:47:05
POPCAT,increased,-312247.0,-312476.0,25800.032869,25821.766736,1766976425315,2025-12-29 03:47:05
EIGEN,decreased,257705.09,257565.09,102437.773275,102253.34073,1766976425315,2025-12-29 03:47:05
FARTCOIN,increased,-7171608.9,-7174776.0,2267877.882447,2267946.6936,1766976425315,2025-12-29 03:47:05
AIXBT,increased,-279462.0,-280599.0,8923.22166,8957.561877,1766976425315,2025-12-29 03:47:05
IP,decreased,-262835.7,-262790.4,418828.68795,418914.17664,1766976425315,2025-12-29 03:47:05
PAXG,increased,-15.369,-15.426,69620.0331,69887.493,1766976425315,2025-12-29 03:47:05
ZORA,increased,-14459697.0,-14467074.0,623733.489792,624283.177248,1766976425315,2025-12-29 03:47:05
PUMP,increased,-1302516621.0,-1302909642.0,2487806.74611,2488557.41622,1766976425315,2025-12-29 03:47:05
XPL,decreased,-17543964.0,-17537513.0,2854402.9428,2859842.24491,1766976425315,2025-12-29 03:47:05
ASTER,increased,-1223058.0,-1223822.0,883365.87108,885435.217,1766976425315,2025-12-29 03:47:05
STBL,decreased,-3256693.0,-3256131.0,170080.791925,169976.550462,1766976425315,2025-12-29 03:47:05
ZEC,decreased,-5412.88,-5409.41,2922522.1696,2921730.5292,1766976425315,2025-12-29 03:47:05
MON,decreased,-43411595.0,-43401192.0,1045351.2076,1045534.71528,1766976425315,2025-12-29 03:47:05
MET,decreased,174570.0,174312.0,45540.0759,45434.4228,1766976425315,2025-12-29 03:47:05
BTC,decreased,-274.77858,-107.93474,24483595.81374,9513907.6573,1767106042548,2025-12-30 15:47:22
ETH,increased,-3254.2176,-9935.8722,9767534.1264,29558226.20778,1767106042548,2025-12-30 15:47:22
SOL,increased,-64790.97,-106946.01,8356739.3106,13295527.9632,1767106042548,2025-12-30 15:47:22
AVAX,decreased,-16268.14,-12504.68,208915.45388,156421.04212,1767106042548,2025-12-30 15:47:22
BNB,increased,-827.209,-983.293,716214.09638,844629.02114,1767106042548,2025-12-30 15:47:22
LTC,increased,-3242.99,-3952.55,256001.6306,309405.614,1767106042548,2025-12-30 15:47:22
ARB,increased,229851.8,463750.7,45110.714268,89401.859946,1767106042548,2025-12-30 15:47:22
DOGE,increased,-9956058.0,-12055322.0,1256354.95902,1492810.52326,1767106042548,2025-12-30 15:47:22
SUI,flipped,111142.8,-476236.5,164391.31548,684447.0978,1767106042548,2025-12-30 15:47:22
CRV,increased,-123842.7,-303621.9,49735.22832,114805.512828,1767106042548,2025-12-30 15:47:22
LDO,increased,-1045557.2,-1084873.3,628860.833512,637959.744065,1767106042548,2025-12-30 15:47:22
LINK,increased,-117714.7,-167144.7,1499332.1339,2089141.6053,1767106042548,2025-12-30 15:47:22
SNX,decreased,-6972.6,-2039.3,3016.69539,853.44705,1767106042548,2025-12-30 15:47:22
XRP,decreased,-2426091.0,-2255419.0,4584098.9445,4206581.9769,1767106042548,2025-12-30 15:47:22
BCH,increased,-163.768,-292.714,101103.81248,176108.45096,1767106042548,2025-12-30 15:47:22
APT,decreased,-7980.26,-3852.36,14010.942482,6592.158432,1767106042548,2025-12-30 15:47:22
AAVE,increased,-3197.1,-3677.29,497980.296,553211.5076,1767106042548,2025-12-30 15:47:22
WLD,increased,-599707.6,-738852.3,307146.244416,365658.00327,1767106042548,2025-12-30 15:47:22
TRX,increased,-1157964.0,-1736272.0,330621.88128,496104.99856,1767106042548,2025-12-30 15:47:22
UNI,decreased,-94039.6,-66732.0,589562.46428,400065.0132,1767106042548,2025-12-30 15:47:22
SEI,decreased,-1504356.0,-1322484.0,174234.51192,150406.10532,1767106042548,2025-12-30 15:47:22
TIA,increased,-384203.4,-496510.2,182688.7167,228543.64506,1767106042548,2025-12-30 15:47:22
ADA,decreased,939009.0,437720.0,353734.08039,154699.0024,1767106042548,2025-12-30 15:47:22
TON,increased,-128268.4,-165090.1,215195.89468,269526.09726,1767106042548,2025-12-30 15:47:22
PYTH,increased,-688166.0,-896365.0,42213.478772,52379.98514,1767106042548,2025-12-30 15:47:22
kBONK,flipped,-2930857.0,11178370.0,23845.452552,86263.48129,1767106042548,2025-12-30 15:47:22
JUP,decreased,529423.0,392320.0,106932.85754,74376.0256,1767106042548,2025-12-30 15:47:22
WIF,increased,-895888.0,-1278758.0,285850.98416,357732.5505,1767106042548,2025-12-30 15:47:22
ONDO,increased,-427094.0,-462385.0,167613.0403,174499.47515,1767106042548,2025-12-30 15:47:22
TAO,increased,-2185.424,-3069.977,497817.73296,681626.99331,1767106042548,2025-12-30 15:47:22
ENA,increased,-4662582.0,-5900148.0,993363.0951,1216138.50576,1767106042548,2025-12-30 15:47:22
POPCAT,decreased,-312476.0,-225154.0,25821.766736,17716.24249,1767106042548,2025-12-30 15:47:22
EIGEN,decreased,257565.09,141712.36,102253.34073,52419.401964,1767106042548,2025-12-30 15:47:22
HYPE,decreased,-752467.16,-729016.68,19638640.40884,18646788.64104,1767106042548,2025-12-30 15:47:22
VIRTUAL,increased,-744336.1,-795163.3,526788.988053,541506.2073,1767106042548,2025-12-30 15:47:22
PENGU,decreased,-39082832.0,-20972870.0,370231.667536,189133.34166,1767106042548,2025-12-30 15:47:22
FARTCOIN,increased,-7174776.0,-8178179.4,2267946.6936,2355806.357964,1767106042548,2025-12-30 15:47:22
AIXBT,increased,-280599.0,-484471.0,8957.561877,14494.887849,1767106042548,2025-12-30 15:47:22
GRIFFAIN,increased,-6294713.0,-6583443.0,101728.856793,112807.295805,1767106042548,2025-12-30 15:47:22
SPX,increased,-835086.0,-882112.5,428207.04822,427621.676625,1767106042548,2025-12-30 15:47:22
TRUMP,decreased,38579.5,9140.7,191512.49595,45151.40172,1767106042548,2025-12-30 15:47:22
MELANIA,increased,1521440.8,1524632.6,177217.424384,182041.13244,1767106042548,2025-12-30 15:47:22
IP,increased,-262790.4,-332257.6,418914.17664,501708.976,1767106042548,2025-12-30 15:47:22
PAXG,increased,-15.426,-130.32,69887.493,570580.056,1767106042548,2025-12-30 15:47:22
ZORA,decreased,-14467074.0,-8036543.0,624283.177248,312123.257034,1767106042548,2025-12-30 15:47:22
PUMP,decreased,-1302909642.0,-974336359.0,2488557.41622,1737241.728097,1767106042548,2025-12-30 15:47:22
XPL,decreased,-17537513.0,-15596136.0,2859842.24491,2344567.12488,1767106042548,2025-12-30 15:47:22
WLFI,increased,-1305674.0,-2198616.0,192129.9291,315567.35448,1767106042548,2025-12-30 15:47:22
ASTER,increased,-1223822.0,-1875824.0,885435.217,1301653.03184,1767106042548,2025-12-30 15:47:22
AVNT,decreased,-264921.0,-255249.0,98537.36595,99327.59586,1767106042548,2025-12-30 15:47:22
STBL,increased,-3256131.0,-3530513.0,169976.550462,196999.094887,1767106042548,2025-12-30 15:47:22
2Z,decreased,-126297.0,-123912.0,14990.19093,14697.20232,1767106042548,2025-12-30 15:47:22
ZEC,decreased,-5409.41,-3071.81,2921730.5292,1658562.3733,1767106042548,2025-12-30 15:47:22
MON,decreased,-43401192.0,-39515856.0,1045534.71528,855478.766544,1767106042548,2025-12-30 15:47:22
MET,flipped,174312.0,-126364.0,45434.4228,32071.1832,1767106042548,2025-12-30 15:47:22
BTC,increased,-107.93474,-108.02649,9513907.6573,9523291.27893,1767106071954,2025-12-30 15:47:51
ETH,increased,-9935.8722,-9940.92,29558226.20778,29572248.816,1767106071954,2025-12-30 15:47:51
SOL,increased,-106946.01,-107038.99,13295527.9632,13306016.8469,1767106071954,2025-12-30 15:47:51
BCH,decreased,-292.714,-292.652,176108.45096,176074.0758,1767106071954,2025-12-30 15:47:51
APT,decreased,-3852.36,-3823.16,6592.158432,6539.132864,1767106071954,2025-12-30 15:47:51
JUP,increased,392320.0,393705.0,74376.0256,74599.2234,1767106071954,2025-12-30 15:47:51
HYPE,decreased,-729016.68,-728958.01,18646788.64104,18656222.34993,1767106071954,2025-12-30 15:47:51
SPX,decreased,-882112.5,-881999.2,427621.676625,427328.6124,1767106071954,2025-12-30 15:47:51
TRUMP,decreased,9140.7,9087.3,45151.40172,44857.63899,1767106071954,2025-12-30 15:47:51
IP,decreased,-332257.6,-332107.6,501708.976,501681.74056,1767106071954,2025-12-30 15:47:51
ZORA,decreased,-8036543.0,-8036225.0,312123.257034,312062.6892,1767106071954,2025-12-30 15:47:51
PUMP,decreased,-974336359.0,-974195809.0,1737241.728097,1735042.735829,1767106071954,2025-12-30 15:47:51
XPL,decreased,-15596136.0,-15582098.0,2344567.12488,2343547.5392,1767106071954,2025-12-30 15:47:51
ASTER,increased,-1875824.0,-1876999.0,1301653.03184,1302937.62584,1767106071954,2025-12-30 15:47:51
ZEC,decreased,-3071.81,-3068.69,1658562.3733,1656724.3572,1767106071954,2025-12-30 15:47:51
BTC,increased,-108.02649,-108.24975,9523291.27893,9561159.16875,1767106210272,2025-12-30 15:50:10
ETH,increased,-9940.92,-9958.0174,29572248.816,29699786.8955,1767106210272,2025-12-30 15:50:10
SOL,increased,-107038.99,-107245.94,13306016.8469,13358554.2864,1767106210272,2025-12-30 15:50:10
SUI,decreased,-476236.5,-474148.4,683923.23765,682394.37728,1767106210272,2025-12-30 15:50:10
APT,decreased,-3823.16,-3679.62,6539.132864,6302.453136,1767106210272,2025-12-30 15:50:10
SEI,increased,-1322484.0,-1322750.0,150511.90404,151018.3675,1767106210272,2025-12-30 15:50:10
TIA,increased,-496510.2,-497324.5,228538.679958,229361.086155,1767106210272,2025-12-30 15:50:10
TON,increased,-165090.1,-165121.8,269460.06122,269528.31414,1767106210272,2025-12-30 15:50:10
PYTH,increased,-896365.0,-896646.0,52377.296045,52460.964168,1767106210272,2025-12-30 15:50:10
kBONK,decreased,11178370.0,11129713.0,86218.76781,86032.68149,1767106210272,2025-12-30 15:50:10
TAO,increased,-3069.977,-3073.275,681596.29354,683066.1015,1767106210272,2025-12-30 15:50:10
ENA,increased,-5900148.0,-5900932.0,1216020.5028,1219309.57916,1767106210272,2025-12-30 15:50:10
EIGEN,increased,141712.36,141765.05,52405.230728,52495.598015,1767106210272,2025-12-30 15:50:10
HYPE,increased,-728958.01,-729018.28,18656222.34993,18684738.5164,1767106210272,2025-12-30 15:50:10
PENGU,decreased,-20972870.0,-20932157.0,188986.53157,189080.174181,1767106210272,2025-12-30 15:50:10
GRIFFAIN,decreased,-6583443.0,-6582308.0,112767.795147,112814.176812,1767106210272,2025-12-30 15:50:10
SPX,decreased,-881999.2,-881772.7,427328.6124,428453.35493,1767106210272,2025-12-30 15:50:10
TRUMP,decreased,9087.3,9077.7,44857.63899,44882.87211,1767106210272,2025-12-30 15:50:10
MELANIA,decreased,1524632.6,1521690.1,182117.36407,181918.051455,1767106210272,2025-12-30 15:50:10
IP,decreased,-332107.6,-331787.6,501681.74056,501994.6388,1767106210272,2025-12-30 15:50:10
PAXG,decreased,-130.32,-130.316,570410.64,570562.5428,1767106210272,2025-12-30 15:50:10
ZORA,decreased,-8036225.0,-8034953.0,312062.6892,312382.902734,1767106210272,2025-12-30 15:50:10
PUMP,decreased,-974195809.0,-974055180.0,1735042.735829,1733818.2204,1767106210272,2025-12-30 15:50:10
XPL,decreased,-15582098.0,-15500135.0,2343547.5392,2336490.3499,1767106210272,2025-12-30 15:50:10
WLFI,decreased,-2198616.0,-2197592.0,315391.4652,315508.28344,1767106210272,2025-12-30 15:50:10
ASTER,increased,-1876999.0,-1878442.0,1302937.62584,1306155.86028,1767106210272,2025-12-30 15:50:10
STBL,decreased,-3530513.0,-3530242.0,197037.93053,197227.560056,1767106210272,2025-12-30 15:50:10
2Z,decreased,-123912.0,-121218.0,14703.39792,14366.75736,1767106210272,2025-12-30 15:50:10
ZEC,decreased,-3068.69,-3064.69,1656724.3572,1655668.1256,1767106210272,2025-12-30 15:50:10
MET,increased,-126364.0,-127529.0,32092.66508,32477.81043,1767106210272,2025-12-30 15:50:10
BTC,increased,-108.24975,-111.1733,9561159.16875,9827830.8933,1767106240998,2025-12-30 15:50:40
ETH,increased,-9958.0174,-9958.1446,29699786.8955,29730040.7033,1767106240998,2025-12-30 15:50:40
SOL,increased,-107245.94,-107371.92,13358554.2864,13376393.7936,1767106240998,2025-12-30 15:50:40
SUI,decreased,-474148.4,-473453.9,682394.37728,682199.72451,1767106240998,2025-12-30 15:50:40
ENA,decreased,-5900932.0,-5898196.0,1219309.57916,1220454.71632,1767106240998,2025-12-30 15:50:40
EIGEN,increased,141765.05,141885.93,52495.598015,52639.68003,1767106240998,2025-12-30 15:50:40
HYPE,decreased,-729018.28,-729015.11,18684738.5164,18715275.90392,1767106240998,2025-12-30 15:50:40
TRUMP,decreased,9077.7,8926.0,44882.87211,44172.0962,1767106240998,2025-12-30 15:50:40
ZORA,decreased,-8034953.0,-8034636.0,312382.902734,312924.968292,1767106240998,2025-12-30 15:50:40
PUMP,decreased,-974055180.0,-973385091.0,1733818.2204,1736519.002344,1767106240998,2025-12-30 15:50:40
XPL,decreased,-15500135.0,-15499756.0,2336490.3499,2338138.1926,1767106240998,2025-12-30 15:50:40
WLFI,decreased,-2197592.0,-2193043.0,315508.28344,314833.25308,1767106240998,2025-12-30 15:50:40
AVNT,decreased,-255249.0,-255220.0,99460.32534,99446.473,1767106240998,2025-12-30 15:50:40
STBL,increased,-3530242.0,-3536633.0,197227.560056,197803.88369,1767106240998,2025-12-30 15:50:40
ZEC,decreased,-3064.69,-3062.62,1655668.1256,1656877.42,1767106240998,2025-12-30 15:50:40
MET,increased,-127529.0,-130067.0,32477.81043,33103.35217,1767106240998,2025-12-30 15:50:40
BTC,increased,-111.1733,-140.29243,9827830.8933,12454179.88839,1767106374781,2025-12-30 15:52:54
ETH,increased,-9958.1446,-9963.2757,29730040.7033,29884845.46215,1767106374781,2025-12-30 15:52:54
SOL,increased,-107371.92,-107605.29,13376393.7936,13451737.3029,1767106374781,2025-12-30 15:52:54
BNB,increased,-983.293,-987.219,846566.10835,852019.35795,1767106374781,2025-12-30 15:52:54
ARB,increased,463750.7,466598.1,89698.660394,90734.666526,1767106374781,2025-12-30 15:52:54
SUI,increased,-473453.9,-475535.1,682199.72451,688051.73619,1767106374781,2025-12-30 15:52:54
CRV,increased,-303621.9,-304940.8,115191.112641,116273.92704,1767106374781,2025-12-30 15:52:54
LDO,decreased,-1084873.3,-1084829.0,640096.944466,643043.23804,1767106374781,2025-12-30 15:52:54
LINK,increased,-167144.7,-167151.5,2095994.538,2101762.961,1767106374781,2025-12-30 15:52:54
XRP,increased,-2255419.0,-2257665.0,4211318.3568,4226348.88,1767106374781,2025-12-30 15:52:54
BCH,decreased,-292.652,-292.578,176428.18472,176693.70576,1767106374781,2025-12-30 15:52:54
APT,increased,-3679.62,-3773.08,6311.652186,6491.961448,1767106374781,2025-12-30 15:52:54
AAVE,decreased,-3677.29,-3676.03,555123.6984,556624.4626,1767106374781,2025-12-30 15:52:54
PYTH,decreased,-896646.0,-891740.0,52531.799202,52441.44592,1767106374781,2025-12-30 15:52:54
kBONK,decreased,11129713.0,11078731.0,86155.108333,86126.054794,1767106374781,2025-12-30 15:52:54
JUP,increased,393705.0,397925.0,74780.3277,75836.5465,1767106374781,2025-12-30 15:52:54
ONDO,decreased,-462385.0,-462341.0,175109.82335,175893.01004,1767106374781,2025-12-30 15:52:54
TAO,increased,-3073.275,-3076.639,684449.07525,688244.1443,1767106374781,2025-12-30 15:52:54
ENA,increased,-5898196.0,-5900750.0,1220454.71632,1229244.24,1767106374781,2025-12-30 15:52:54
POPCAT,increased,-225154.0,-231191.0,17747.76405,18292.525493,1767106374781,2025-12-30 15:52:54
EIGEN,increased,141885.93,144222.56,52639.68003,53766.170368,1767106374781,2025-12-30 15:52:54
HYPE,decreased,-729015.11,-728939.71,18715275.90392,18775300.11047,1767106374781,2025-12-30 15:52:54
TRUMP,decreased,8926.0,8167.9,44172.0962,40491.54746,1767106374781,2025-12-30 15:52:54
IP,decreased,-331787.6,-331004.5,503189.07416,504781.8625,1767106374781,2025-12-30 15:52:54
PAXG,increased,-130.316,-130.544,570771.0484,572618.2016,1767106374781,2025-12-30 15:52:54
ZORA,decreased,-8034636.0,-8033368.0,312924.968292,313783.35408,1767106374781,2025-12-30 15:52:54
PUMP,decreased,-973385091.0,-962152452.0,1736519.002344,1724177.193984,1767106374781,2025-12-30 15:52:54
XPL,decreased,-15499756.0,-15483167.0,2338138.1926,2346164.29551,1767106374781,2025-12-30 15:52:54
WLFI,decreased,-2193043.0,-2159854.0,314833.25308,310457.41396,1767106374781,2025-12-30 15:52:54
ASTER,increased,-1878442.0,-1878792.0,1307189.00338,1313031.36504,1767106374781,2025-12-30 15:52:54
AVNT,decreased,-255220.0,-255117.0,99446.473,99916.57305,1767106374781,2025-12-30 15:52:54
STBL,decreased,-3536633.0,-3519457.0,197803.88369,195541.03092,1767106374781,2025-12-30 15:52:54
ZEC,decreased,-3062.62,-3060.31,1656877.42,1659728.5254,1767106374781,2025-12-30 15:52:54
MON,decreased,-39515856.0,-39504324.0,857612.622768,861115.254552,1767106374781,2025-12-30 15:52:54
BTC,increased,-140.29243,-146.8104,12454179.88839,13038965.676,1767106404391,2025-12-30 15:53:24
ETH,increased,-9963.2757,-10028.4681,29884845.46215,30107466.92982,1767106404391,2025-12-30 15:53:24
SOL,increased,-107605.29,-107909.58,13451737.3029,13512437.6076,1767106404391,2025-12-30 15:53:24
AVAX,increased,-12504.68,-12568.73,157021.26676,158051.77975,1767106404391,2025-12-30 15:53:24
SUI,increased,-475535.1,-476226.0,688051.73619,689527.6254,1767106404391,2025-12-30 15:53:24
SNX,decreased,-2039.3,-1255.9,858.443335,529.600471,1767106404391,2025-12-30 15:53:24
XRP,decreased,-2257665.0,-2256917.0,4226348.88,4225174.3157,1767106404391,2025-12-30 15:53:24
ADA,increased,437720.0,437785.0,155718.89,155820.81505,1767106404391,2025-12-30 15:53:24
ONDO,decreased,-462341.0,-461684.0,175893.01004,175716.9304,1767106404391,2025-12-30 15:53:24
TAO,decreased,-3076.639,-3074.421,688244.1443,688209.14085,1767106404391,2025-12-30 15:53:24
ENA,increased,-5900750.0,-5902983.0,1229244.24,1230299.71686,1767106404391,2025-12-30 15:53:24
EIGEN,increased,144222.56,148205.64,53766.170368,55339.985976,1767106404391,2025-12-30 15:53:24
FARTCOIN,decreased,-8178179.4,-8174738.5,2387455.912242,2380156.86166,1767106404391,2025-12-30 15:53:24
IP,decreased,-331004.5,-329046.2,504781.8625,502519.35664,1767106404391,2025-12-30 15:53:24
PAXG,increased,-130.544,-130.772,572618.2016,573683.6868,1767106404391,2025-12-30 15:53:24
PUMP,decreased,-962152452.0,-960946055.0,1724177.193984,1723937.22267,1767106404391,2025-12-30 15:53:24
XPL,decreased,-15483167.0,-15477647.0,2346164.29551,2343934.86168,1767106404391,2025-12-30 15:53:24
WLFI,decreased,-2159854.0,-2159708.0,310457.41396,310781.9812,1767106404391,2025-12-30 15:53:24
ASTER,decreased,-1878792.0,-1878076.0,1313031.36504,1312023.8936,1767106404391,2025-12-30 15:53:24
AVNT,decreased,-255117.0,-255114.0,99916.57305,99861.82416,1767106404391,2025-12-30 15:53:24
2Z,increased,-121218.0,-121348.0,14327.9676,14342.12012,1767106404391,2025-12-30 15:53:24
BTC,decreased,-146.8104,-146.75395,13038965.676,13028815.681,1767106434601,2025-12-30 15:53:54
ETH,decreased,-10028.4681,-9886.0431,30107466.92982,29643300.23535,1767106434601,2025-12-30 15:53:54
SOL,increased,-107909.58,-107951.8,13512437.6076,13503690.662,1767106434601,2025-12-30 15:53:54
AAVE,decreased,-3676.03,-3669.28,557175.8671,555382.2208,1767106434601,2025-12-30 15:53:54
PYTH,decreased,-891740.0,-888331.0,52508.32642,52225.867821,1767106434601,2025-12-30 15:53:54
EIGEN,increased,148205.64,148748.24,55339.985976,55468.218696,1767106434601,2025-12-30 15:53:54
VIRTUAL,increased,-795163.3,-795283.9,547342.705922,546702.011377,1767106434601,2025-12-30 15:53:54
FARTCOIN,increased,-8174738.5,-8178172.5,2380156.86166,2379439.288875,1767106434601,2025-12-30 15:53:54
TRUMP,decreased,8167.9,8016.6,40512.784,39744.69948,1767106434601,2025-12-30 15:53:54
ZORA,decreased,-8033368.0,-8033052.0,313903.8546,313923.639108,1767106434601,2025-12-30 15:53:54
PUMP,decreased,-960946055.0,-958257664.0,1723937.22267,1715281.21856,1767106434601,2025-12-30 15:53:54
XPL,increased,-15477647.0,-15478004.0,2343934.86168,2346465.4064,1767106434601,2025-12-30 15:53:54
ZEC,decreased,-3060.31,-3058.76,1658810.4324,1654177.408,1767106434601,2025-12-30 15:53:54
MON,decreased,-39504324.0,-39497269.0,862379.39292,860882.475124,1767106434601,2025-12-30 15:53:54
BTC,decreased,-146.75395,-132.89887,13028815.681,11792382.53284,1767106874950,2025-12-30 16:01:14
ETH,decreased,-9886.0431,-8725.2398,29643300.23535,26099809.81374,1767106874950,2025-12-30 16:01:14
SOL,decreased,-107951.8,-106308.13,13503690.662,13264065.3801,1767106874950,2025-12-30 16:01:14
BNB,increased,-987.219,-991.026,851979.86919,852976.0782,1767106874950,2025-12-30 16:01:14
LTC,increased,-3952.55,-3952.79,310512.328,310155.66735,1767106874950,2025-12-30 16:01:14
ARB,increased,466598.1,476969.8,90552.693267,92393.819958,1767106874950,2025-12-30 16:01:14
DOGE,decreased,-12055322.0,-11998916.0,1503780.86628,1494584.97696,1767106874950,2025-12-30 16:01:14
SUI,decreased,-476226.0,-475559.8,688813.2864,685852.34356,1767106874950,2025-12-30 16:01:14
LDO,increased,-1084829.0,-1085464.2,642056.04365,640326.186222,1767106874950,2025-12-30 16:01:14
LINK,increased,-167151.5,-167297.7,2100592.9005,2094065.3109,1767106874950,2025-12-30 16:01:14
SNX,increased,-1255.9,-1670.6,529.273937,702.73789,1767106874950,2025-12-30 16:01:14
XRP,increased,-2256917.0,-2257132.0,4224045.8572,4224448.2512,1767106874950,2025-12-30 16:01:14
BCH,increased,-292.578,-293.771,176559.11988,177041.09315,1767106874950,2025-12-30 16:01:14
APT,decreased,-3773.08,-3598.57,6491.58414,6184.142545,1767106874950,2025-12-30 16:01:14
AAVE,decreased,-3669.28,-3664.51,555382.2208,553560.8806,1767106874950,2025-12-30 16:01:14
UNI,decreased,-66732.0,-66482.0,401766.6792,399204.4654,1767106874950,2025-12-30 16:01:14
SEI,increased,-1322750.0,-1325195.0,151282.9175,151257.7573,1767106874950,2025-12-30 16:01:14
TIA,increased,-497324.5,-498136.7,230286.109725,230064.434895,1767106874950,2025-12-30 16:01:14
ADA,increased,437785.0,440607.0,155623.8118,156049.78119,1767106874950,2025-12-30 16:01:14
TON,increased,-165121.8,-166503.3,269792.50902,271217.22537,1767106874950,2025-12-30 16:01:14
PYTH,decreased,-888331.0,-869070.0,52225.867821,51008.32551,1767106874950,2025-12-30 16:01:14
kBONK,decreased,11078731.0,10816936.0,85959.873829,83658.183024,1767106874950,2025-12-30 16:01:14
JUP,increased,397925.0,409307.0,75832.56725,77903.40131,1767106874950,2025-12-30 16:01:14
WIF,decreased,-1278758.0,-1276294.0,359778.5633,358549.27342,1767106874950,2025-12-30 16:01:14
ONDO,decreased,-461684.0,-461641.0,175504.55576,175100.4313,1767106874950,2025-12-30 16:01:14
TAO,increased,-3074.421,-3074.581,687286.81455,685600.81719,1767106874950,2025-12-30 16:01:14
ENA,increased,-5902983.0,-5919250.0,1228174.64298,1227711.6425,1767106874950,2025-12-30 16:01:14
POPCAT,increased,-231191.0,-267943.0,18298.305268,21183.841523,1767106874950,2025-12-30 16:01:14
EIGEN,increased,148748.24,150018.31,55468.218696,55776.807658,1767106874950,2025-12-30 16:01:14
HYPE,increased,-728939.71,-729353.22,18730105.84845,18721767.80418,1767106874950,2025-12-30 16:01:14
VIRTUAL,increased,-795283.9,-798689.6,546702.011377,548148.659376,1767106874950,2025-12-30 16:01:14
PENGU,increased,-20932157.0,-25622075.0,189917.460461,232725.307225,1767106874950,2025-12-30 16:01:14
FARTCOIN,decreased,-8178172.5,-8169170.0,2379439.288875,2379924.2961,1767106874950,2025-12-30 16:01:14
AIXBT,increased,-484471.0,-501091.0,14601.95594,15134.451473,1767106874950,2025-12-30 16:01:14
SPX,increased,-881772.7,-887950.9,433038.57297,436321.313242,1767106874950,2025-12-30 16:01:14
IP,increased,-329046.2,-329675.2,501861.26424,504567.8936,1767106874950,2025-12-30 16:01:14
PAXG,increased,-130.772,-131.903,573670.6096,578302.3229,1767106874950,2025-12-30 16:01:14
ZORA,increased,-8033052.0,-8043050.0,313923.639108,314636.07295,1767106874950,2025-12-30 16:01:14
PUMP,decreased,-958257664.0,-946558532.0,1715281.21856,1697179.447876,1767106874950,2025-12-30 16:01:14
XPL,decreased,-15478004.0,-15199932.0,2346465.4064,2299901.71092,1767106874950,2025-12-30 16:01:14
WLFI,decreased,-2159708.0,-2141898.0,310436.42792,307683.6477,1767106874950,2025-12-30 16:01:14
ASTER,increased,-1878076.0,-1881297.0,1310709.2404,1308649.00617,1767106874950,2025-12-30 16:01:14
AVNT,decreased,-255114.0,-253391.0,99951.11406,99722.02805,1767106874950,2025-12-30 16:01:14
STBL,decreased,-3519457.0,-3518749.0,195495.277979,195959.13181,1767106874950,2025-12-30 16:01:14
2Z,decreased,-121348.0,-114264.0,14319.064,13444.30224,1767106874950,2025-12-30 16:01:14
ZEC,decreased,-3058.76,-3047.22,1654177.408,1642634.4132,1767106874950,2025-12-30 16:01:14
MON,decreased,-39497269.0,-39438365.0,860882.475124,858612.644415,1767106874950,2025-12-30 16:01:14
MET,increased,-130067.0,-134630.0,33154.0783,34344.113,1767106874950,2025-12-30 16:01:14
BTC,decreased,-132.89887,-131.63487,11792382.53284,11682331.44276,1767106935140,2025-12-30 16:02:15
ETH,decreased,-8725.2398,-8720.4896,26099809.81374,26092576.93216,1767106935140,2025-12-30 16:02:15
SOL,decreased,-106308.13,-106088.39,13264065.3801,13248318.1432,1767106935140,2025-12-30 16:02:15
SUI,decreased,-475559.8,-475213.0,685852.34356,685732.359,1767106935140,2025-12-30 16:02:15
LINK,increased,-167297.7,-167359.9,2094065.3109,2096350.1074,1767106935140,2025-12-30 16:02:15
TIA,increased,-498136.7,-498949.7,230064.434895,230639.498825,1767106935140,2025-12-30 16:02:15
kBONK,decreased,10816936.0,10752236.0,83658.183024,83179.297696,1767106935140,2025-12-30 16:02:15
ONDO,increased,-461641.0,-461691.0,175100.4313,175211.7345,1767106935140,2025-12-30 16:02:15
TAO,decreased,-3074.581,-3071.204,685600.81719,683373.60204,1767106935140,2025-12-30 16:02:15
ENA,increased,-5919250.0,-5927185.0,1227711.6425,1230898.50895,1767106935140,2025-12-30 16:02:15
POPCAT,increased,-267943.0,-290425.0,21183.841523,22968.841975,1767106935140,2025-12-30 16:02:15
EIGEN,increased,150018.31,150057.85,55776.807658,55836.525985,1767106935140,2025-12-30 16:02:15
PENGU,increased,-25622075.0,-25633097.0,232725.307225,232543.455984,1767106935140,2025-12-30 16:02:15
SPX,increased,-887950.9,-887977.9,436321.313242,436512.176082,1767106935140,2025-12-30 16:02:15
IP,decreased,-329675.2,-329653.8,504567.8936,503546.1795,1767106935140,2025-12-30 16:02:15
PAXG,increased,-131.903,-131.915,578302.3229,578407.7005,1767106935140,2025-12-30 16:02:15
PUMP,decreased,-946558532.0,-944204494.0,1697179.447876,1692958.657742,1767106935140,2025-12-30 16:02:15
XPL,increased,-15199932.0,-15206937.0,2299901.71092,2302026.12306,1767106935140,2025-12-30 16:02:15
ASTER,increased,-1881297.0,-1881779.0,1308649.00617,1307365.96025,1767106935140,2025-12-30 16:02:15
AVNT,decreased,-253391.0,-250843.0,99722.02805,98618.92545,1767106935140,2025-12-30 16:02:15
2Z,decreased,-114264.0,-112131.0,13444.30224,13168.66464,1767106935140,2025-12-30 16:02:15
ZEC,decreased,-3047.22,-3045.15,1642634.4132,1639265.148,1767106935140,2025-12-30 16:02:15
BTC,decreased,-131.63487,-131.31946,11682331.44276,11611923.2505,1767107016701,2025-12-30 16:03:36
ETH,decreased,-8720.4896,-8605.0049,26092576.93216,25654101.10837,1767107016701,2025-12-30 16:03:36
SOL,decreased,-106088.39,-106024.16,13248318.1432,13187285.0208,1767107016701,2025-12-30 16:03:36
LTC,increased,-3952.79,-3953.27,310222.86478,309402.67655,1767107016701,2025-12-30 16:03:36
ARB,increased,476969.8,482146.9,92460.59573,92991.672603,1767107016701,2025-12-30 16:03:36
DOGE,decreased,-11998916.0,-11998695.0,1496264.8252,1489038.0495,1767107016701,2025-12-30 16:03:36
SUI,increased,-475213.0,-475909.8,685732.359,683120.92692,1767107016701,2025-12-30 16:03:36
CRV,decreased,-304940.8,-303880.7,116584.966656,115577.985438,1767107016701,2025-12-30 16:03:36
XRP,increased,-2257132.0,-2267825.0,4223996.8248,4237431.0125,1767107016701,2025-12-30 16:03:36
BCH,decreased,-293.771,-292.108,177114.5359,175536.46044,1767107016701,2025-12-30 16:03:36
APT,decreased,-3598.57,-3452.72,6185.222116,5909.33028,1767107016701,2025-12-30 16:03:36
ADA,decreased,440607.0,437768.0,155922.00516,153984.894,1767107016701,2025-12-30 16:03:36
PYTH,decreased,-869070.0,-868558.0,51027.44505,50809.774442,1767107016701,2025-12-30 16:03:36
kBONK,decreased,10752236.0,10687511.0,83179.297696,82379.334788,1767107016701,2025-12-30 16:03:36
TAO,increased,-3071.204,-3078.18,683373.60204,682278.597,1767107016701,2025-12-30 16:03:36
ENA,increased,-5927185.0,-5931157.0,1230898.50895,1226563.2676,1767107016701,2025-12-30 16:03:36
POPCAT,increased,-290425.0,-302291.0,22968.841975,23795.742938,1767107016701,2025-12-30 16:03:36
EIGEN,increased,150057.85,150549.09,55836.525985,55763.382936,1767107016701,2025-12-30 16:03:36
HYPE,decreased,-729353.22,-729185.23,18736354.86858,18654016.55386,1767107016701,2025-12-30 16:03:36
PENGU,increased,-25633097.0,-25655710.0,232543.455984,231696.71701,1767107016701,2025-12-30 16:03:36
TRUMP,decreased,8016.6,7864.7,39678.96336,38829.59684,1767107016701,2025-12-30 16:03:36
IP,increased,-329653.8,-329674.8,503546.1795,501798.01308,1767107016701,2025-12-30 16:03:36
PUMP,decreased,-944204494.0,-942805016.0,1692958.657742,1682906.95356,1767107016701,2025-12-30 16:03:36
XPL,increased,-15206937.0,-15246647.0,2302026.12306,2296602.43761,1767107016701,2025-12-30 16:03:36
WLFI,decreased,-2141898.0,-2119267.0,307619.39076,303606.19042,1767107016701,2025-12-30 16:03:36
2Z,decreased,-112131.0,-108569.0,13168.66464,12734.05801,1767107016701,2025-12-30 16:03:36
ZEC,decreased,-3045.15,-3043.77,1639265.148,1634352.3015,1767107016701,2025-12-30 16:03:36
MON,decreased,-39438365.0,-39376944.0,860229.61738,854519.061744,1767107016701,2025-12-30 16:03:36
MET,increased,-134630.0,-134794.0,34337.3815,34283.50596,1767107016701,2025-12-30 16:03:36
BTC,decreased,-131.31946,-130.57578,11611923.2505,11533105.7685,1767107096986,2025-12-30 16:04:56
ETH,decreased,-8605.0049,-8563.2871,25654101.10837,25492049.36799,1767107096986,2025-12-30 16:04:56
SOL,increased,-106024.16,-106048.34,13187285.0208,13164840.9276,1767107096986,2025-12-30 16:04:56
DOGE,decreased,-11998695.0,-11981821.0,1489038.0495,1485506.16758,1767107096986,2025-12-30 16:04:56
SUI,increased,-475909.8,-476600.1,683120.92692,683730.50346,1767107096986,2025-12-30 16:04:56
LINK,increased,-167359.9,-167367.5,2087982.1124,2086570.6225,1767107096986,2025-12-30 16:04:56
ADA,decreased,437768.0,432075.0,153984.894,151960.7775,1767107096986,2025-12-30 16:04:56
TON,increased,-166503.3,-166947.8,270368.05854,270672.46814,1767107096986,2025-12-30 16:04:56
ENA,increased,-5931157.0,-5935836.0,1226563.2676,1224088.09992,1767107096986,2025-12-30 16:04:56
POPCAT,increased,-302291.0,-306569.0,23795.742938,24096.3234,1767107096986,2025-12-30 16:04:56
EIGEN,decreased,150549.09,148589.11,55763.382936,54977.9707,1767107096986,2025-12-30 16:04:56
HYPE,decreased,-729185.23,-729126.55,18654016.55386,18632828.98525,1767107096986,2025-12-30 16:04:56
VIRTUAL,increased,-798689.6,-799480.3,545033.769936,544853.819253,1767107096986,2025-12-30 16:04:56
PENGU,increased,-25655710.0,-25981609.0,231696.71701,234328.131571,1767107096986,2025-12-30 16:04:56
FARTCOIN,decreased,-8169170.0,-8165709.4,2366200.0905,2362666.357796,1767107096986,2025-12-30 16:04:56
AIXBT,increased,-501091.0,-506029.0,15044.255093,15168.219275,1767107096986,2025-12-30 16:04:56
IP,decreased,-329674.8,-329510.3,501798.01308,500690.90085,1767107096986,2025-12-30 16:04:56
PAXG,increased,-131.915,-132.587,578064.7215,580770.8361,1767107096986,2025-12-30 16:04:56
PUMP,decreased,-942805016.0,-938109240.0,1682906.95356,1669834.4472,1767107096986,2025-12-30 16:04:56
XPL,decreased,-15246647.0,-15246088.0,2296602.43761,2295603.47016,1767107096986,2025-12-30 16:04:56
WLFI,decreased,-2119267.0,-2118243.0,303606.19042,303057.02601,1767107096986,2025-12-30 16:04:56
AVNT,decreased,-250843.0,-250816.0,98375.60774,98339.93728,1767107096986,2025-12-30 16:04:56
2Z,decreased,-108569.0,-106123.0,12734.05801,12430.18699,1767107096986,2025-12-30 16:04:56
ZEC,decreased,-3043.77,-3040.32,1634352.3015,1633047.0816,1767107096986,2025-12-30 16:04:56
MON,decreased,-39376944.0,-39353869.0,854519.061744,853782.187955,1767107096986,2025-12-30 16:04:56
BTC,increased,-130.57578,-131.4055,11533105.7685,11608756.0865,1767107181389,2025-12-30 16:06:21
ETH,increased,-8563.2871,-8630.3447,25492049.36799,25693399.20637,1767107181389,2025-12-30 16:06:21
SOL,increased,-106048.34,-106144.88,13164840.9276,13189562.7888,1767107181389,2025-12-30 16:06:21
BNB,increased,-991.026,-992.158,850756.17996,851648.58404,1767107181389,2025-12-30 16:06:21
LINK,increased,-167367.5,-167375.5,2086570.6225,2086168.232,1767107181389,2025-12-30 16:06:21
SNX,decreased,-1670.6,-1624.8,698.39433,679.65384,1767107181389,2025-12-30 16:06:21
ONDO,decreased,-461691.0,-461601.0,174071.35773,174051.27306,1767107181389,2025-12-30 16:06:21
ENA,increased,-5935836.0,-5938001.0,1224088.09992,1224059.52614,1767107181389,2025-12-30 16:06:21
POPCAT,increased,-306569.0,-316108.0,24096.3234,24864.739172,1767107181389,2025-12-30 16:06:21
EIGEN,increased,148589.11,148803.67,54977.9707,54982.956065,1767107181389,2025-12-30 16:06:21
HYPE,decreased,-729126.55,-729067.4,18632828.98525,18645169.6876,1767107181389,2025-12-30 16:06:21
VIRTUAL,increased,-799480.3,-801339.5,544853.819253,546713.873875,1767107181389,2025-12-30 16:06:21
PENGU,increased,-25981609.0,-26220421.0,234328.131571,236455.756578,1767107181389,2025-12-30 16:06:21
AIXBT,increased,-506029.0,-507035.0,15168.219275,15196.345985,1767107181389,2025-12-30 16:06:21
PAXG,increased,-132.587,-132.592,580770.8361,581376.1424,1767107181389,2025-12-30 16:06:21
ZORA,decreased,-8043050.0,-8042143.0,313485.9168,313563.15557,1767107181389,2025-12-30 16:06:21
PUMP,decreased,-938109240.0,-935289481.0,1669834.4472,1663879.986699,1767107181389,2025-12-30 16:06:21
XPL,increased,-15246088.0,-15251425.0,2295603.47016,2296864.605,1767107181389,2025-12-30 16:06:21
WLFI,decreased,-2118243.0,-2114620.0,303057.02601,302496.391,1767107181389,2025-12-30 16:06:21
2Z,increased,-106123.0,-106290.0,12430.18699,12409.3575,1767107181389,2025-12-30 16:06:21
ZEC,decreased,-3040.32,-3038.14,1633047.0816,1631633.087,1767107181389,2025-12-30 16:06:21
MON,decreased,-39353869.0,-39319294.0,853782.187955,853818.46921,1767107181389,2025-12-30 16:06:21
MET,decreased,-134794.0,-134733.0,34264.6348,34285.50651,1767107181389,2025-12-30 16:06:21
BTC,decreased,-131.4055,-129.51881,11608756.0865,11427574.12511,1767107242568,2025-12-30 16:07:22
ETH,decreased,-8630.3447,-8535.8129,25693399.20637,25368435.9388,1767107242568,2025-12-30 16:07:22
SOL,decreased,-106144.88,-106132.48,13189562.7888,13180592.6912,1767107242568,2025-12-30 16:07:22
SUI,decreased,-476600.1,-476576.9,683968.80351,683220.64384,1767107242568,2025-12-30 16:07:22
XRP,increased,-2267825.0,-2269327.0,4233122.145,4231614.0569,1767107242568,2025-12-30 16:07:22
ONDO,increased,-461601.0,-461647.0,174051.27306,173810.0955,1767107242568,2025-12-30 16:07:22
HYPE,increased,-729067.4,-729126.03,18645169.6876,18653960.35152,1767107242568,2025-12-30 16:07:22
VIRTUAL,increased,-801339.5,-802499.5,546713.873875,546742.90935,1767107242568,2025-12-30 16:07:22
PENGU,increased,-26220421.0,-26334046.0,236455.756578,237375.090644,1767107242568,2025-12-30 16:07:22
IP,decreased,-329510.3,-329494.9,500031.88025,499514.2684,1767107242568,2025-12-30 16:07:22
PAXG,increased,-132.592,-132.604,581376.1424,581839.8312,1767107242568,2025-12-30 16:07:22
ZORA,decreased,-8042143.0,-8041826.0,313563.15557,313148.70444,1767107242568,2025-12-30 16:07:22
PUMP,decreased,-935289481.0,-933037903.0,1663879.986699,1658941.391534,1767107242568,2025-12-30 16:07:22
XPL,decreased,-15251425.0,-15242251.0,2296864.605,2295483.0006,1767107242568,2025-12-30 16:07:22
WLFI,decreased,-2114620.0,-2105515.0,302496.391,301046.5347,1767107242568,2025-12-30 16:07:22
ASTER,decreased,-1881779.0,-1881056.0,1302454.51706,1301107.62464,1767107242568,2025-12-30 16:07:22
2Z,decreased,-106290.0,-105848.0,12409.3575,12341.8768,1767107242568,2025-12-30 16:07:22
ZEC,decreased,-3038.14,-3036.73,1631633.087,1629175.2777,1767107242568,2025-12-30 16:07:22
BTC,increased,-129.51881,-129.91149,11427574.12511,11478459.61044,1767107302686,2025-12-30 16:08:22
ETH,decreased,-8535.8129,-8530.1618,25368435.9388,25406233.90512,1767107302686,2025-12-30 16:08:22
SOL,increased,-106132.48,-106132.79,13180592.6912,13203980.4039,1767107302686,2025-12-30 16:08:22
DOGE,decreased,-11981821.0,-11951574.0,1485266.53116,1484146.45932,1767107302686,2025-12-30 16:08:22
PYTH,increased,-868558.0,-868599.0,50636.062842,50743.55358,1767107302686,2025-12-30 16:08:22
POPCAT,increased,-316108.0,-316274.0,24842.92772,24887.284786,1767107302686,2025-12-30 16:08:22
EIGEN,increased,148803.67,148839.25,54953.195331,55115.174275,1767107302686,2025-12-30 16:08:22
HYPE,increased,-729126.03,-729206.32,18653960.35152,18675703.06152,1767107302686,2025-12-30 16:08:22
PENGU,increased,-26334046.0,-26389531.0,237375.090644,238297.46493,1767107302686,2025-12-30 16:08:22
PAXG,increased,-132.604,-132.616,581839.8312,581746.6072,1767107302686,2025-12-30 16:08:22
ZORA,decreased,-8041826.0,-8041509.0,313148.70444,313449.979311,1767107302686,2025-12-30 16:08:22
PUMP,decreased,-933037903.0,-931914089.0,1658941.391534,1662534.734776,1767107302686,2025-12-30 16:08:22
XPL,decreased,-15242251.0,-15233295.0,2295483.0006,2299313.5473,1767107302686,2025-12-30 16:08:22
WLFI,decreased,-2105515.0,-2102014.0,301046.5347,301008.4048,1767107302686,2025-12-30 16:08:22
STBL,decreased,-3518749.0,-3507565.0,193580.457486,193424.671925,1767107302686,2025-12-30 16:08:22
2Z,decreased,-105848.0,-103809.0,12341.8768,12251.53818,1767107302686,2025-12-30 16:08:22
ZEC,decreased,-3036.73,-3035.2,1629175.2777,1628627.616,1767107302686,2025-12-30 16:08:22
BTC,increased,-129.91149,-130.19999,11478459.61044,11498742.31684,1767107361621,2025-12-30 16:09:21
SOL,increased,-106132.79,-106142.69,13203980.4039,13205212.0629,1767107361621,2025-12-30 16:09:21
ARB,increased,482146.9,482625.1,92866.314409,92890.852997,1767107361621,2025-12-30 16:09:21
LINK,increased,-167375.5,-167433.0,2086335.6075,2085712.881,1767107361621,2025-12-30 16:09:21
BCH,decreased,-292.108,-291.973,175556.908,175364.82326,1767107361621,2025-12-30 16:09:21
JUP,decreased,409307.0,409209.0,77580.04878,77549.19759,1767107361621,2025-12-30 16:09:21
ONDO,increased,-461647.0,-461691.0,174184.02957,174085.20846,1767107361621,2025-12-30 16:09:21
POPCAT,increased,-316274.0,-341720.0,24887.284786,26893.02228,1767107361621,2025-12-30 16:09:21
EIGEN,increased,148839.25,148885.62,55115.174275,55087.6794,1767107361621,2025-12-30 16:09:21
VIRTUAL,increased,-802499.5,-804547.2,548115.183495,548846.008896,1767107361621,2025-12-30 16:09:21
PAXG,increased,-132.616,-132.63,581746.6072,581993.703,1767107361621,2025-12-30 16:09:21
PUMP,decreased,-931914089.0,-929554249.0,1662534.734776,1655536.117469,1767107361621,2025-12-30 16:09:21
WLFI,decreased,-2102014.0,-2095668.0,301008.4048,299785.3074,1767107361621,2025-12-30 16:09:21
2Z,decreased,-103809.0,-91088.0,12251.53818,10752.9384,1767107361621,2025-12-30 16:09:21
MON,decreased,-39319294.0,-39307753.0,853779.149916,852663.778076,1767107361621,2025-12-30 16:09:21
BTC,increased,-130.19999,-130.43793,11498742.31684,11513886.51903,1767107423977,2025-12-30 16:10:23
ETH,decreased,-8530.1618,-8227.1754,25392585.64624,24473378.66238,1767107423977,2025-12-30 16:10:23
SOL,increased,-106142.69,-106147.64,13205212.0629,13194151.652,1767107423977,2025-12-30 16:10:23
BNB,increased,-992.158,-992.84,852055.36882,852521.9228,1767107423977,2025-12-30 16:10:23
SUI,increased,-476576.9,-476592.5,684126.13995,683767.25975,1767107423977,2025-12-30 16:10:23
SNX,decreased,-1624.8,-873.3,680.417496,365.720574,1767107423977,2025-12-30 16:10:23
ADA,decreased,432075.0,431784.0,152112.00375,151983.65016,1767107423977,2025-12-30 16:10:23
ONDO,increased,-461691.0,-461737.0,174085.20846,174005.58845,1767107423977,2025-12-30 16:10:23
TAO,decreased,-3078.18,-3077.866,683109.7056,683317.03066,1767107423977,2025-12-30 16:10:23
POPCAT,increased,-341720.0,-350465.0,26893.02228,27579.142245,1767107423977,2025-12-30 16:10:23
EIGEN,decreased,148885.62,148254.7,55087.6794,54809.76259,1767107423977,2025-12-30 16:10:23
PENGU,increased,-26389531.0,-26500446.0,238086.348682,239113.524258,1767107423977,2025-12-30 16:10:23
TRUMP,decreased,7864.7,7712.1,38706.90752,37922.70933,1767107423977,2025-12-30 16:10:23
IP,decreased,-329494.9,-329472.6,499810.81381,499348.67256,1767107423977,2025-12-30 16:10:23
PAXG,decreased,-132.63,-132.402,581993.703,580410.6474,1767107423977,2025-12-30 16:10:23
ZORA,decreased,-8041509.0,-8041192.0,313313.273658,313148.140056,1767107423977,2025-12-30 16:10:23
PUMP,decreased,-929554249.0,-927586610.0,1655536.117469,1651104.1658,1767107423977,2025-12-30 16:10:23
XPL,decreased,-15233295.0,-15198422.0,2295048.2247,2289794.25852,1767107423977,2025-12-30 16:10:23
WLFI,decreased,-2095668.0,-2088669.0,299785.3074,298575.23355,1767107423977,2025-12-30 16:10:23
AVNT,increased,-250816.0,-251274.0,98563.16352,98863.7553,1767107423977,2025-12-30 16:10:23
STBL,increased,-3507565.0,-3523551.0,193361.535755,194010.241611,1767107423977,2025-12-30 16:10:23
2Z,decreased,-91088.0,-80497.0,10752.9384,9506.6957,1767107423977,2025-12-30 16:10:23
ZEC,decreased,-3035.2,-3033.73,1628991.84,1627747.8315,1767107423977,2025-12-30 16:10:23
MON,decreased,-39307753.0,-39296211.0,852663.778076,852531.297645,1767107423977,2025-12-30 16:10:23
MET,increased,-134733.0,-134888.0,34348.83102,34357.32248,1767107423977,2025-12-30 16:10:23
BTC,increased,-130.43793,-132.00162,11513886.51903,11667359.18856,1767107485588,2025-12-30 16:11:25
ETH,increased,-8227.1754,-8393.8442,24473378.66238,25008619.40948,1767107485588,2025-12-30 16:11:25
LTC,increased,-3953.27,-3953.63,308987.5832,309320.15031,1767107485588,2025-12-30 16:11:25
DOGE,increased,-11951574.0,-11960355.0,1483190.3334,1485595.69455,1767107485588,2025-12-30 16:11:25
TIA,increased,-498949.7,-500578.8,229611.662443,230791.85574,1767107485588,2025-12-30 16:11:25
ADA,decreased,431784.0,431556.0,151983.65016,152166.6456,1767107485588,2025-12-30 16:11:25
ONDO,increased,-461737.0,-461803.0,174005.58845,174326.01447,1767107485588,2025-12-30 16:11:25
POPCAT,increased,-350465.0,-377455.0,27579.142245,29731.37544,1767107485588,2025-12-30 16:11:25
EIGEN,increased,148254.7,148296.64,54809.76259,54899.416128,1767107485588,2025-12-30 16:11:25
PENGU,increased,-26500446.0,-26666731.0,239113.524258,240987.248047,1767107485588,2025-12-30 16:11:25
FARTCOIN,increased,-8165709.4,-8169165.7,2359808.359506,2373224.327507,1767107485588,2025-12-30 16:11:25
AIXBT,decreased,-507035.0,-506378.0,15212.571105,15211.59512,1767107485588,2025-12-30 16:11:25
TRUMP,decreased,7712.1,7407.0,37922.70933,36437.2551,1767107485588,2025-12-30 16:11:25
MELANIA,increased,1521690.1,1521830.2,181537.62893,181767.399088,1767107485588,2025-12-30 16:11:25
IP,decreased,-329472.6,-329463.1,499348.67256,500124.9858,1767107485588,2025-12-30 16:11:25
PAXG,decreased,-132.402,-131.946,580410.6474,578913.075,1767107485588,2025-12-30 16:11:25
ZORA,decreased,-8041192.0,-8040875.0,313148.140056,313489.593625,1767107485588,2025-12-30 16:11:25
PUMP,decreased,-927586610.0,-927165911.0,1651104.1658,1655918.317046,1767107485588,2025-12-30 16:11:25
XPL,decreased,-15198422.0,-15140339.0,2289794.25852,2283011.71781,1767107485588,2025-12-30 16:11:25
WLFI,decreased,-2088669.0,-2087645.0,298575.23355,298846.38175,1767107485588,2025-12-30 16:11:25
AVNT,increased,-251274.0,-252543.0,98863.7553,100032.2823,1767107485588,2025-12-30 16:11:25
2Z,decreased,-80497.0,-78382.0,9506.6957,9275.72588,1767107485588,2025-12-30 16:11:25
ZEC,decreased,-3033.73,-3032.95,1627747.8315,1629513.0465,1767107485588,2025-12-30 16:11:25
MON,decreased,-39296211.0,-39273143.0,852531.297645,853523.216819,1767107485588,2025-12-30 16:11:25
BTC,increased,-132.00162,-132.01972,11667359.18856,11666978.71556,1767107546434,2025-12-30 16:12:26
ETH,increased,-8393.8442,-8502.2125,25008619.40948,25322989.71,1767107546434,2025-12-30 16:12:26
SOL,increased,-106147.64,-106162.54,13209012.3216,13203435.0998,1767107546434,2025-12-30 16:12:26
BNB,increased,-992.84,-992.874,853385.6936,853692.92268,1767107546434,2025-12-30 16:12:26
TIA,increased,-500578.8,-502206.7,230791.85574,231602.663839,1767107546434,2025-12-30 16:12:26
PYTH,decreased,-868599.0,-868313.0,50783.509134,50752.89485,1767107546434,2025-12-30 16:12:26
POPCAT,increased,-377455.0,-384547.0,29731.37544,30260.00343,1767107546434,2025-12-30 16:12:26
HYPE,increased,-729206.32,-729209.52,18720913.85336,18702036.55944,1767107546434,2025-12-30 16:12:26
PENGU,increased,-26666731.0,-26832949.0,240987.248047,242489.360113,1767107546434,2025-12-30 16:12:26
PAXG,increased,-131.946,-132.174,578913.075,579596.2074,1767107546434,2025-12-30 16:12:26
ZORA,decreased,-8040875.0,-8040558.0,313489.593625,313420.95084,1767107546434,2025-12-30 16:12:26
PUMP,decreased,-927165911.0,-926465192.0,1655918.317046,1654666.832912,1767107546434,2025-12-30 16:12:26
XPL,decreased,-15140339.0,-15128073.0,2283011.71781,2280859.56621,1767107546434,2025-12-30 16:12:26
ZEC,decreased,-3032.95,-3032.02,1629513.0465,1628952.745,1767107546434,2025-12-30 16:12:26
MON,decreased,-39273143.0,-39265013.0,853523.216819,852639.757295,1767107546434,2025-12-30 16:12:26
MET,increased,-134888.0,-135110.0,34365.41576,34435.4857,1767107546434,2025-12-30 16:12:26
BTC,decreased,-132.01972,-131.99534,11666978.71556,11663900.21444,1767107605874,2025-12-30 16:13:25
ETH,decreased,-8502.2125,-8496.2005,25322989.71,25295737.74865,1767107605874,2025-12-30 16:13:25
BNB,increased,-992.874,-993.556,853692.92268,853822.28416,1767107605874,2025-12-30 16:13:25
LTC,increased,-3953.63,-3953.84,309316.19668,309016.31904,1767107605874,2025-12-30 16:13:25
XRP,increased,-2269327.0,-2270077.0,4237287.3744,4237552.7359,1767107605874,2025-12-30 16:13:25
APT,decreased,-3452.72,-3423.54,5918.652624,5864.52402,1767107605874,2025-12-30 16:13:25
ADA,decreased,431556.0,431503.0,152231.379,152229.94337,1767107605874,2025-12-30 16:13:25
ONDO,increased,-461803.0,-461891.0,174284.4522,174289.94994,1767107605874,2025-12-30 16:13:25
POPCAT,increased,-384547.0,-427594.0,30260.00343,33644.806296,1767107605874,2025-12-30 16:13:25
PENGU,decreased,-26832949.0,-26830281.0,242489.360113,242331.097992,1767107605874,2025-12-30 16:13:25
GRIFFAIN,decreased,-6582308.0,-6581320.0,114472.918428,114482.0614,1767107605874,2025-12-30 16:13:25
PAXG,increased,-132.174,-132.19,579596.2074,579243.361,1767107605874,2025-12-30 16:13:25
ZORA,decreased,-8040558.0,-8040241.0,313420.95084,313231.708878,1767107605874,2025-12-30 16:13:25
PUMP,decreased,-926465192.0,-925774034.0,1654666.832912,1654358.198758,1767107605874,2025-12-30 16:13:25
WLFI,decreased,-2087645.0,-2083823.0,298846.38175,298299.26245,1767107605874,2025-12-30 16:13:25
2Z,decreased,-78382.0,-76266.0,9276.5097,9026.0811,1767107605874,2025-12-30 16:13:25
MON,decreased,-39265013.0,-39263001.0,852639.757295,852164.173704,1767107605874,2025-12-30 16:13:25
MET,increased,-135110.0,-135274.0,34435.4857,34454.2878,1767107605874,2025-12-30 16:13:25
BTC,increased,-131.99534,-132.00336,11663900.21444,11657084.71824,1767107667665,2025-12-30 16:14:27
ETH,increased,-8496.2005,-8496.4439,25295737.74865,25263326.29226,1767107667665,2025-12-30 16:14:27
SOL,increased,-106162.54,-106204.29,13193880.4712,13189510.7751,1767107667665,2025-12-30 16:14:27
SNX,increased,-873.3,-2323.0,366.270753,973.337,1767107667665,2025-12-30 16:14:27
TRX,decreased,-1736272.0,-1733640.0,495497.30336,494520.81,1767107667665,2025-12-30 16:14:27
PYTH,increased,-868313.0,-868619.0,50743.343407,50618.772225,1767107667665,2025-12-30 16:14:27
kBONK,decreased,10687511.0,10682716.0,82475.522387,82331.692212,1767107667665,2025-12-30 16:14:27
ONDO,increased,-461891.0,-462073.0,174289.94994,174201.521,1767107667665,2025-12-30 16:14:27
POPCAT,increased,-427594.0,-440526.0,33644.806296,34625.3436,1767107667665,2025-12-30 16:14:27
EIGEN,decreased,148296.64,147502.33,54899.416128,54561.111867,1767107667665,2025-12-30 16:14:27
VIRTUAL,increased,-804547.2,-805155.6,549521.828544,549293.253432,1767107667665,2025-12-30 16:14:27
PENGU,increased,-26830281.0,-26881610.0,242331.097992,242552.76703,1767107667665,2025-12-30 16:14:27
TRUMP,decreased,7407.0,7254.2,36409.8492,35630.45414,1767107667665,2025-12-30 16:14:27
PAXG,increased,-132.19,-132.424,579243.361,580533.5736,1767107667665,2025-12-30 16:14:27
ZORA,decreased,-8040241.0,-8039924.0,313231.708878,312576.165272,1767107667665,2025-12-30 16:14:27
PUMP,decreased,-925774034.0,-925015331.0,1654358.198758,1649302.335173,1767107667665,2025-12-30 16:14:27
XPL,increased,-15128073.0,-15128358.0,2281162.12767,2279238.41628,1767107667665,2025-12-30 16:14:27
2Z,decreased,-76266.0,-74153.0,9026.0811,8775.26602,1767107667665,2025-12-30 16:14:27
MON,decreased,-39263001.0,-39253410.0,852164.173704,849993.34014,1767107667665,2025-12-30 16:14:27
MET,increased,-135274.0,-135498.0,34454.2878,34461.20634,1767107667665,2025-12-30 16:14:27
BTC,increased,-132.00336,-132.06033,11657084.71824,11671491.9654,1767107729996,2025-12-30 16:15:29
ETH,increased,-8496.4439,-8596.0396,25263326.29226,25600725.13672,1767107729996,2025-12-30 16:15:29
SOL,increased,-106204.29,-106221.94,13189510.7751,13202324.9226,1767107729996,2025-12-30 16:15:29
BNB,increased,-993.556,-994.122,853444.73288,854646.6834,1767107729996,2025-12-30 16:15:29
LDO,decreased,-1085464.2,-1085401.5,636190.56762,637054.702395,1767107729996,2025-12-30 16:15:29
SNX,increased,-2323.0,-3074.5,973.337,1291.29,1767107729996,2025-12-30 16:15:29
XRP,increased,-2270077.0,-2270827.0,4236190.6897,4240315.2571,1767107729996,2025-12-30 16:15:29
TRX,increased,-1733640.0,-1733682.0,494520.81,494567.46414,1767107729996,2025-12-30 16:15:29
UNI,increased,-66482.0,-66732.3,397741.8614,399866.61483,1767107729996,2025-12-30 16:15:29
TIA,increased,-502206.7,-502247.7,231361.604623,231561.302085,1767107729996,2025-12-30 16:15:29
ADA,decreased,431503.0,431333.0,152130.69768,152070.76248,1767107729996,2025-12-30 16:15:29
JUP,decreased,409209.0,409108.0,77504.1846,77546.4214,1767107729996,2025-12-30 16:15:29
ONDO,increased,-462073.0,-462147.0,174201.521,174432.76368,1767107729996,2025-12-30 16:15:29
TAO,decreased,-3077.866,-3074.493,684609.73438,684535.86645,1767107729996,2025-12-30 16:15:29
ENA,increased,-5938001.0,-5938653.0,1223168.82599,1224669.02166,1767107729996,2025-12-30 16:15:29
POPCAT,increased,-440526.0,-446465.0,34625.3436,35143.04601,1767107729996,2025-12-30 16:15:29
PENGU,increased,-26881610.0,-27150279.0,242552.76703,245139.869091,1767107729996,2025-12-30 16:15:29
AIXBT,increased,-506378.0,-506882.0,15201.46756,15227.749044,1767107729996,2025-12-30 16:15:29
TRUMP,decreased,7254.2,7101.4,35630.45414,34898.41002,1767107729996,2025-12-30 16:15:29
IP,decreased,-329463.1,-329428.3,499663.73746,499643.90261,1767107729996,2025-12-30 16:15:29
PAXG,increased,-132.424,-132.43,580533.5736,581010.139,1767107729996,2025-12-30 16:15:29
ZORA,decreased,-8039924.0,-8039382.0,312576.165272,312884.708058,1767107729996,2025-12-30 16:15:29
PUMP,decreased,-925015331.0,-924552413.0,1649302.335173,1651250.609618,1767107729996,2025-12-30 16:15:29
WLFI,decreased,-2083823.0,-2054128.0,298111.71838,294068.96448,1767107729996,2025-12-30 16:15:29
2Z,decreased,-74153.0,-67808.0,8775.26602,8020.33024,1767107729996,2025-12-30 16:15:29
ZEC,decreased,-3032.02,-3031.03,1628073.4592,1628663.3499,1767107729996,2025-12-30 16:15:29
BTC,decreased,-132.06033,-131.60786,11671491.9654,11625317.09738,1767107818709,2025-12-30 16:16:58
ETH,increased,-8596.0396,-8611.2284,25600725.13672,25626154.59556,1767107818709,2025-12-30 16:16:58
SOL,decreased,-106221.94,-106218.73,13202324.9226,13204050.3263,1767107818709,2025-12-30 16:16:58
SUI,decreased,-476592.5,-475906.0,683004.71175,682116.0698,1767107818709,2025-12-30 16:16:58
LINK,increased,-167433.0,-167591.8,2086717.479,2089199.3788,1767107818709,2025-12-30 16:16:58
XRP,increased,-2270827.0,-2273828.0,4240315.2571,4245464.2588,1767107818709,2025-12-30 16:16:58
PYTH,increased,-868619.0,-869089.0,50696.947935,50702.65226,1767107818709,2025-12-30 16:16:58
kBONK,decreased,10682716.0,10674163.0,82438.519372,82393.864197,1767107818709,2025-12-30 16:16:58
JUP,increased,409108.0,409174.0,77546.4214,77583.48214,1767107818709,2025-12-30 16:16:58
ONDO,increased,-462147.0,-462190.0,174432.76368,174448.9936,1767107818709,2025-12-30 16:16:58
POPCAT,increased,-446465.0,-452025.0,35143.04601,35555.834475,1767107818709,2025-12-30 16:16:58
EIGEN,increased,147502.33,148136.68,54634.863032,54855.012604,1767107818709,2025-12-30 16:16:58
HYPE,decreased,-729209.52,-729150.89,18679431.06432,18666262.784,1767107818709,2025-12-30 16:16:58
PENGU,increased,-27150279.0,-27267639.0,245139.869091,246308.583087,1767107818709,2025-12-30 16:16:58
IP,decreased,-329428.3,-329404.5,499643.90261,499838.3883,1767107818709,2025-12-30 16:16:58
PAXG,increased,-132.43,-132.436,581010.139,581036.4628,1767107818709,2025-12-30 16:16:58
ZORA,decreased,-8039382.0,-8039064.0,312884.708058,312816.058368,1767107818709,2025-12-30 16:16:58
PUMP,decreased,-924552413.0,-923620243.0,1651250.609618,1648662.133755,1767107818709,2025-12-30 16:16:58
XPL,decreased,-15128358.0,-15098033.0,2282415.37146,2276028.47475,1767107818709,2025-12-30 16:16:58
2Z,increased,-67808.0,-72681.0,8020.33024,8598.88911,1767107818709,2025-12-30 16:16:58
ZEC,decreased,-3031.03,-3026.7,1628663.3499,1626518.313,1767107818709,2025-12-30 16:16:58
MET,increased,-135498.0,-138074.0,34474.75614,35128.78708,1767107818709,2025-12-30 16:16:58
BTC,decreased,-131.60786,-131.40302,11625317.09738,11601966.84486,1767107892819,2025-12-30 16:18:12
ETH,increased,-8611.2284,-8613.1563,25626154.59556,25614665.52057,1767107892819,2025-12-30 16:18:12
SOL,decreased,-106218.73,-106170.73,13204050.3263,13191713.2025,1767107892819,2025-12-30 16:18:12
DOGE,decreased,-11960355.0,-11956521.0,1483921.24485,1484162.95173,1767107892819,2025-12-30 16:18:12
SNX,decreased,-3074.5,-2323.0,1290.6751,975.54385,1767107892819,2025-12-30 16:18:12
JUP,decreased,409174.0,395442.0,77583.48214,74940.21342,1767107892819,2025-12-30 16:18:12
EIGEN,decreased,148136.68,148088.17,54855.012604,54866.666985,1767107892819,2025-12-30 16:18:12
HYPE,increased,-729150.89,-729172.34,18666262.784,18677749.4891,1767107892819,2025-12-30 16:18:12
VIRTUAL,increased,-805155.6,-805182.4,549558.95478,549746.335424,1767107892819,2025-12-30 16:18:12
PENGU,increased,-27267639.0,-27378419.0,246308.583087,247391.394084,1767107892819,2025-12-30 16:18:12
AIXBT,increased,-506882.0,-507499.0,15249.54497,15263.539924,1767107892819,2025-12-30 16:18:12
IP,decreased,-329404.5,-329394.4,499838.3883,499790.12312,1767107892819,2025-12-30 16:18:12
PAXG,increased,-132.436,-132.442,581036.4628,581234.9612,1767107892819,2025-12-30 16:18:12
ZORA,decreased,-8039064.0,-8038430.0,312816.058368,313016.4642,1767107892819,2025-12-30 16:18:12
PUMP,decreased,-923620243.0,-922919602.0,1648662.133755,1649257.328774,1767107892819,2025-12-30 16:18:12
XPL,increased,-15098033.0,-15115091.0,2276028.47475,2281622.98645,1767107892819,2025-12-30 16:18:12
WLFI,decreased,-2054128.0,-2047132.0,293966.25808,293067.41712,1767107892819,2025-12-30 16:18:12
ZEC,decreased,-3026.7,-3025.84,1626518.313,1625239.1808,1767107892819,2025-12-30 16:18:12
MON,decreased,-39253410.0,-39241830.0,849247.52535,849389.41035,1767107892819,2025-12-30 16:18:12
MET,increased,-138074.0,-140684.0,35128.78708,35804.078,1767107892819,2025-12-30 16:18:12
BTC,decreased,-131.40302,-130.6825,11601966.84486,11529332.88,1767107956842,2025-12-30 16:19:16
ETH,decreased,-8613.1563,-8604.1889,25614665.52057,25567347.31635,1767107956842,2025-12-30 16:19:16
SOL,increased,-106170.73,-106178.66,13191713.2025,13185265.9988,1767107956842,2025-12-30 16:19:16
LTC,increased,-3953.84,-3954.22,308921.42688,308753.40604,1767107956842,2025-12-30 16:19:16
DOGE,decreased,-11956521.0,-11956393.0,1484162.95173,1483070.98772,1767107956842,2025-12-30 16:19:16
LDO,decreased,-1085401.5,-1085371.7,637336.906785,636733.307805,1767107956842,2025-12-30 16:19:16
SNX,increased,-2323.0,-3074.5,975.54385,1290.459885,1767107956842,2025-12-30 16:19:16
XRP,increased,-2273828.0,-2274578.0,4244782.1104,4243907.6324,1767107956842,2025-12-30 16:19:16
BCH,decreased,-291.973,-290.307,175429.05732,174274.19517,1767107956842,2025-12-30 16:19:16
APT,decreased,-3423.54,-3394.51,5888.831154,5841.272808,1767107956842,2025-12-30 16:19:16
UNI,increased,-66732.3,-66815.9,399653.07147,399899.84309,1767107956842,2025-12-30 16:19:16
ADA,decreased,431333.0,431279.0,152023.31585,151831.77195,1767107956842,2025-12-30 16:19:16
kBONK,decreased,10674163.0,10665268.0,82436.560849,82229.21628,1767107956842,2025-12-30 16:19:16
POPCAT,increased,-452025.0,-454787.0,35561.258775,35746.2582,1767107956842,2025-12-30 16:19:16
EIGEN,increased,148088.17,148501.12,54866.666985,54945.4144,1767107956842,2025-12-30 16:19:16
HYPE,decreased,-729172.34,-729140.08,18677749.4891,18675464.86904,1767107956842,2025-12-30 16:19:16
VIRTUAL,increased,-805182.4,-809436.8,549746.335424,552238.2568,1767107956842,2025-12-30 16:19:16
PENGU,increased,-27378419.0,-27433824.0,247391.394084,247699.996896,1767107956842,2025-12-30 16:19:16
FARTCOIN,decreased,-8169165.7,-8165714.0,2368812.978029,2368138.71714,1767107956842,2025-12-30 16:19:16
TRUMP,decreased,7101.4,6948.8,34916.87366,34188.096,1767107956842,2025-12-30 16:19:16
IP,decreased,-329394.4,-329374.4,499790.12312,499364.52784,1767107956842,2025-12-30 16:19:16
PAXG,increased,-132.442,-132.448,581234.9612,581049.376,1767107956842,2025-12-30 16:19:16
ZORA,decreased,-8038430.0,-8037796.0,313016.4642,312831.02032,1767107956842,2025-12-30 16:19:16
PUMP,decreased,-922919602.0,-922022534.0,1649257.328774,1645810.22319,1767107956842,2025-12-30 16:19:16
XPL,decreased,-15115091.0,-15114428.0,2281622.98645,2281371.76232,1767107956842,2025-12-30 16:19:16
WLFI,decreased,-2047132.0,-2046875.0,293067.41712,292805.46875,1767107956842,2025-12-30 16:19:16
2Z,decreased,-72681.0,-72545.0,8576.358,8559.58455,1767107956842,2025-12-30 16:19:16
ZEC,decreased,-3025.84,-3019.45,1625239.1808,1620659.593,1767107956842,2025-12-30 16:19:16
MON,decreased,-39241830.0,-39213936.0,849389.41035,848393.50536,1767107956842,2025-12-30 16:19:16
BTC,decreased,-130.6825,-130.35895,11529332.88,11504698.7733,1767108021421,2025-12-30 16:20:21
ETH,decreased,-8604.1889,-8603.8268,25567347.31635,25575735.54568,1767108021421,2025-12-30 16:20:21
SOL,decreased,-106178.66,-106148.85,13185265.9988,13193240.5665,1767108021421,2025-12-30 16:20:21
CRV,decreased,-303880.7,-303205.5,115489.860035,115339.3722,1767108021421,2025-12-30 16:20:21
LDO,decreased,-1085371.7,-1084528.3,636733.307805,636487.968704,1767108021421,2025-12-30 16:20:21
SNX,decreased,-3074.5,-2323.0,1290.459885,975.4277,1767108021421,2025-12-30 16:20:21
XRP,increased,-2274578.0,-2275328.0,4243907.6324,4246672.1792,1767108021421,2025-12-30 16:20:21
AAVE,decreased,-3664.51,-3654.55,551691.9805,550009.775,1767108021421,2025-12-30 16:20:21
SEI,increased,-1325195.0,-1329597.0,150515.6481,151241.65875,1767108021421,2025-12-30 16:20:21
TIA,increased,-502247.7,-502677.4,231546.234654,231643.799468,1767108021421,2025-12-30 16:20:21
PYTH,decreased,-869089.0,-866543.0,50624.43425,50492.594067,1767108021421,2025-12-30 16:20:21
JUP,increased,395442.0,395523.0,74908.57806,74995.11603,1767108021421,2025-12-30 16:20:21
WIF,decreased,-1276294.0,-1274432.0,356660.3583,355885.136,1767108021421,2025-12-30 16:20:21
POPCAT,increased,-454787.0,-471019.0,35746.2582,37058.832882,1767108021421,2025-12-30 16:20:21
EIGEN,decreased,148501.12,148448.81,54945.4144,54955.749462,1767108021421,2025-12-30 16:20:21
HYPE,increased,-729140.08,-729214.18,18675464.86904,18684654.93414,1767108021421,2025-12-30 16:20:21
PENGU,increased,-27433824.0,-27461500.0,247699.996896,248087.191,1767108021421,2025-12-30 16:20:21
TRUMP,decreased,6948.8,6796.3,34188.096,33458.1849,1767108021421,2025-12-30 16:20:21
PAXG,decreased,-132.448,-132.226,581049.376,580511.8078,1767108021421,2025-12-30 16:20:21
ZORA,decreased,-8037796.0,-8036608.0,312831.02032,313291.089664,1767108021421,2025-12-30 16:20:21
PUMP,decreased,-922022534.0,-920725398.0,1645810.22319,1644415.560828,1767108021421,2025-12-30 16:20:21
XPL,decreased,-15114428.0,-15093640.0,2281371.76232,2278384.958,1767108021421,2025-12-30 16:20:21
STBL,decreased,-3523551.0,-3523005.0,191695.268604,191750.11614,1767108021421,2025-12-30 16:20:21
2Z,decreased,-72545.0,-72378.0,8559.58455,8541.32778,1767108021421,2025-12-30 16:20:21
ZEC,decreased,-3019.45,-3018.37,1620659.593,1620593.0367,1767108021421,2025-12-30 16:20:21
MET,increased,-140684.0,-140848.0,35795.63696,35906.38064,1767108021421,2025-12-30 16:20:21
BTC,decreased,-130.35895,-127.20335,11504698.7733,11225695.6375,1767108082262,2025-12-30 16:21:22
SOL,decreased,-106148.85,-106140.9,13193240.5665,13189068.234,1767108082262,2025-12-30 16:21:22
BNB,increased,-994.122,-994.173,855223.27416,855068.31384,1767108082262,2025-12-30 16:21:22
DOGE,decreased,-11956393.0,-11956142.0,1483549.24344,1483996.34504,1767108082262,2025-12-30 16:21:22
LINK,decreased,-167591.8,-167590.4,2088696.6034,2088176.384,1767108082262,2025-12-30 16:21:22
APT,decreased,-3394.51,-3249.1,5847.043475,5592.35092,1767108082262,2025-12-30 16:21:22
JUP,increased,395523.0,395626.0,74995.11603,74994.86456,1767108082262,2025-12-30 16:21:22
HYPE,increased,-729214.18,-729245.25,18684654.93414,18678887.8335,1767108082262,2025-12-30 16:21:22
PENGU,increased,-27461500.0,-27523243.0,248087.191,248782.593477,1767108082262,2025-12-30 16:21:22
IP,decreased,-329374.4,-329354.4,499595.08992,499268.33496,1767108082262,2025-12-30 16:21:22
PAXG,increased,-132.226,-132.232,580511.8078,580485.2568,1767108082262,2025-12-30 16:21:22
ZORA,decreased,-8036608.0,-8035874.0,313291.089664,313037.47167,1767108082262,2025-12-30 16:21:22
PUMP,decreased,-920725398.0,-920585113.0,1644415.560828,1642323.841592,1767108082262,2025-12-30 16:21:22
XPL,decreased,-15093640.0,-15092978.0,2278384.958,2279039.678,1767108082262,2025-12-30 16:21:22
STBL,decreased,-3523005.0,-3522237.0,191750.11614,191627.303985,1767108082262,2025-12-30 16:21:22
2Z,decreased,-72378.0,-72128.0,8541.32778,8526.97216,1767108082262,2025-12-30 16:21:22
ZEC,decreased,-3018.37,-3014.71,1620593.0367,1616879.4143,1767108082262,2025-12-30 16:21:22
MON,decreased,-39213936.0,-39202370.0,848707.216848,848809.71524,1767108082262,2025-12-30 16:21:22
MET,decreased,-140848.0,-140789.0,35906.38064,35891.33977,1767108082262,2025-12-30 16:21:22
BTC,decreased,-127.20335,-127.10863,11225695.6375,11222039.61681,1767108145081,2025-12-30 16:22:25
SOL,decreased,-106140.9,-106138.48,13189068.234,13196197.2184,1767108145081,2025-12-30 16:22:25
LDO,decreased,-1084528.3,-1084500.8,636498.813987,636482.674512,1767108145081,2025-12-30 16:22:25
SNX,increased,-2323.0,-3074.5,976.24075,1292.58129,1767108145081,2025-12-30 16:22:25
UNI,increased,-66815.9,-67066.7,400434.37029,401441.14619,1767108145081,2025-12-30 16:22:25
TIA,increased,-502677.4,-503491.8,231593.531728,232210.41816,1767108145081,2025-12-30 16:22:25
ADA,decreased,431279.0,429857.0,151849.02311,151412.82968,1767108145081,2025-12-30 16:22:25
PYTH,increased,-866543.0,-867514.0,50461.398519,50600.356592,1767108145081,2025-12-30 16:22:25
JUP,decreased,395626.0,395455.0,74994.86456,74998.04075,1767108145081,2025-12-30 16:22:25
TAO,decreased,-3074.493,-3071.118,683429.04897,683139.48792,1767108145081,2025-12-30 16:22:25
POPCAT,increased,-471019.0,-472605.0,37068.724281,37223.787615,1767108145081,2025-12-30 16:22:25
EIGEN,increased,148448.81,148895.19,54955.749462,55135.888857,1767108145081,2025-12-30 16:22:25
TRUMP,decreased,6796.3,6643.9,33458.86453,32711.24165,1767108145081,2025-12-30 16:22:25
PAXG,increased,-132.232,-132.237,580485.2568,580189.8375,1767108145081,2025-12-30 16:22:25
ZORA,decreased,-8035874.0,-8035557.0,313037.47167,313065.30072,1767108145081,2025-12-30 16:22:25
PUMP,decreased,-920585113.0,-919883703.0,1642323.841592,1641992.409855,1767108145081,2025-12-30 16:22:25
AVNT,increased,-252543.0,-256361.0,99322.63647,100447.36702,1767108145081,2025-12-30 16:22:25
2Z,decreased,-72128.0,-70011.0,8526.97216,8283.70152,1767108145081,2025-12-30 16:22:25
ZEC,decreased,-3014.71,-3013.87,1616879.4143,1614650.7138,1767108145081,2025-12-30 16:22:25
MON,decreased,-39202370.0,-39189782.0,848809.71524,848341.210954,1767108145081,2025-12-30 16:22:25
MET,decreased,-140789.0,-140632.0,35891.33977,35879.44216,1767108145081,2025-12-30 16:22:25
BTC,flipped,-127.10863,4.31826,11222039.61681,380365.29558,1767122132746,2025-12-30 20:15:32
ETH,decreased,-8603.8268,-7610.3625,25577456.31104,22509930.2025,1767122132746,2025-12-30 20:15:32
SOL,increased,-106138.48,-106762.5,13196197.2184,13247091.0,1767122132746,2025-12-30 20:15:32
AVAX,increased,-12568.73,-13123.32,157109.125,163647.8004,1767122132746,2025-12-30 20:15:32
BNB,increased,-994.173,-1027.331,855287.0319,881367.81152,1767122132746,2025-12-30 20:15:32
LTC,increased,-3954.22,-4385.55,309034.15566,341621.18835,1767122132746,2025-12-30 20:15:32
ARB,increased,482625.1,509645.3,92914.984252,97393.21683,1767122132746,2025-12-30 20:15:32
DOGE,increased,-11956142.0,-12647214.0,1484474.59072,1554469.07274,1767122132746,2025-12-30 20:15:32
SUI,increased,-475906.0,-494344.9,682068.4792,706814.33802,1767122132746,2025-12-30 20:15:32
CRV,decreased,-303205.5,-301105.2,115403.045355,112778.95266,1767122132746,2025-12-30 20:15:32
LDO,increased,-1084500.8,-1091563.0,636482.674512,639972.47127,1767122132746,2025-12-30 20:15:32
LINK,increased,-167590.4,-168538.0,2088679.1552,2086500.44,1767122132746,2025-12-30 20:15:32
SNX,increased,-3074.5,-6649.5,1292.58129,2790.329685,1767122132746,2025-12-30 20:15:32
XRP,increased,-2275328.0,-2322850.0,4248264.9088,4354414.61,1767122132746,2025-12-30 20:15:32
BCH,increased,-290.307,-290.744,174253.87368,173434.61088,1767122132746,2025-12-30 20:15:32
APT,flipped,-3249.1,3929.48,5596.57475,6720.196696,1767122132746,2025-12-30 20:15:32
AAVE,increased,-3654.55,-3681.53,550155.957,551345.9328,1767122132746,2025-12-30 20:15:32
WLD,increased,-738852.3,-744243.3,364734.437895,364150.804257,1767122132746,2025-12-30 20:15:32
TRX,increased,-1733682.0,-1756779.0,494272.7382,501595.54008,1767122132746,2025-12-30 20:15:32
UNI,decreased,-67066.7,-66400.1,401441.14619,394556.03421,1767122132746,2025-12-30 20:15:32
SEI,increased,-1329597.0,-1339547.0,151254.95472,150618.66468,1767122132746,2025-12-30 20:15:32
TIA,decreased,-503491.8,-498790.8,232210.41816,228027.202128,1767122132746,2025-12-30 20:15:32
ADA,decreased,429857.0,381009.0,151412.82968,133741.77918,1767122132746,2025-12-30 20:15:32
TON,decreased,-166947.8,-154306.1,272692.53652,249374.08821,1767122132746,2025-12-30 20:15:32
PYTH,decreased,-867514.0,-738482.0,50600.356592,43040.946406,1767122132746,2025-12-30 20:15:32
kBONK,decreased,10665268.0,6446339.0,82346.534228,49643.256639,1767122132746,2025-12-30 20:15:32
JUP,increased,395455.0,462866.0,74998.04075,86731.83108,1767122132746,2025-12-30 20:15:32
WIF,decreased,-1274432.0,-1193426.0,356190.99968,332213.99562,1767122132746,2025-12-30 20:15:32
ONDO,decreased,-462190.0,-456865.0,174384.287,170940.6084,1767122132746,2025-12-30 20:15:32
TAO,increased,-3071.118,-3196.151,683139.48792,703408.91208,1767122132746,2025-12-30 20:15:32
ENA,increased,-5938653.0,-6028742.0,1225737.9792,1224377.21278,1767122132746,2025-12-30 20:15:32
POPCAT,decreased,-472605.0,-385043.0,37223.787615,29989.459098,1767122132746,2025-12-30 20:15:32
EIGEN,decreased,148895.19,124043.05,55135.888857,44804.34966,1767122132746,2025-12-30 20:15:32
HYPE,increased,-729245.25,-734269.67,18696389.7195,18823737.26012,1767122132746,2025-12-30 20:15:32
VIRTUAL,decreased,-809436.8,-759675.0,553007.22176,513008.5275,1767122132746,2025-12-30 20:15:32
PENGU,increased,-27523243.0,-30370894.0,248892.686449,272305.435604,1767122132746,2025-12-30 20:15:32
FARTCOIN,decreased,-8165714.0,-8014441.6,2370751.74562,2347109.366976,1767122132746,2025-12-30 20:15:32
AIXBT,increased,-507499.0,-551941.0,15241.209968,16468.815558,1767122132746,2025-12-30 20:15:32
GRIFFAIN,decreased,-6581320.0,-6539130.0,115008.567,116396.514,1767122132746,2025-12-30 20:15:32
SPX,decreased,-887977.9,-877123.7,433919.280614,423685.832048,1767122132746,2025-12-30 20:15:32
TRUMP,decreased,6643.9,2674.3,32711.24165,13129.20842,1767122132746,2025-12-30 20:15:32
MELANIA,increased,1521830.2,1526460.7,182117.420034,182305.201401,1767122132746,2025-12-30 20:15:32
IP,increased,-329354.4,-330990.3,499334.20584,503436.2463,1767122132746,2025-12-30 20:15:32
PAXG,decreased,-132.237,-32.699,580189.8375,143293.5578,1767122132746,2025-12-30 20:15:32
ZORA,decreased,-8035557.0,-6839423.0,313065.30072,264630.954716,1767122132746,2025-12-30 20:15:32
PUMP,decreased,-919883703.0,-901921928.0,1641992.409855,1609930.64148,1767122132746,2025-12-30 20:15:32
XPL,decreased,-15092978.0,-14791713.0,2276172.01218,2212544.43054,1767122132746,2025-12-30 20:15:32
WLFI,decreased,-2046875.0,-1872661.0,293010.15625,267584.53029,1767122132746,2025-12-30 20:15:32
ASTER,increased,-1881056.0,-1955481.0,1306844.84544,1339915.13601,1767122132746,2025-12-30 20:15:32
AVNT,decreased,-256361.0,-236744.0,100447.36702,91409.22584,1767122132746,2025-12-30 20:15:32
STBL,increased,-3522237.0,-3633366.0,191496.981216,200587.236762,1767122132746,2025-12-30 20:15:32
2Z,flipped,-70011.0,40668.0,8283.70152,5023.31136,1767122132746,2025-12-30 20:15:32
ZEC,decreased,-3013.87,-2746.86,1614650.7138,1469954.6604,1767122132746,2025-12-30 20:15:32
MON,decreased,-39189782.0,-38204718.0,848341.210954,822776.806848,1767122132746,2025-12-30 20:15:32
MET,increased,-140632.0,-147928.0,35879.44216,37550.04352,1767122132746,2025-12-30 20:15:32
BTC,decreased,4.31826,4.07663,380365.29558,358877.96879,1767122272895,2025-12-30 20:17:52
SOL,increased,-106762.5,-106784.0,13247091.0,13240148.16,1767122272895,2025-12-30 20:17:52
BNB,decreased,-1027.331,-1026.164,881367.81152,880192.171,1767122272895,2025-12-30 20:17:52
DOGE,decreased,-12647214.0,-12647010.0,1554469.07274,1553432.2383,1767122272895,2025-12-30 20:17:52
CRV,decreased,-301105.2,-298482.8,112778.95266,111748.975492,1767122272895,2025-12-30 20:17:52
LINK,decreased,-168538.0,-167643.9,2086500.44,2074593.2625,1767122272895,2025-12-30 20:17:52
BCH,decreased,-290.744,-290.691,173434.61088,173420.43678,1767122272895,2025-12-30 20:17:52
PYTH,decreased,-738482.0,-696300.0,43040.946406,40620.7494,1767122272895,2025-12-30 20:17:52
JUP,increased,462866.0,463625.0,86731.83108,86989.95875,1767122272895,2025-12-30 20:17:52
WIF,decreased,-1193426.0,-1191592.0,332213.99562,331560.474,1767122272895,2025-12-30 20:17:52
ONDO,increased,-456865.0,-457533.0,170940.6084,171117.342,1767122272895,2025-12-30 20:17:52
POPCAT,decreased,-385043.0,-384793.0,29989.459098,29952.28712,1767122272895,2025-12-30 20:17:52
EIGEN,decreased,124043.05,123258.26,44804.34966,44483.906034,1767122272895,2025-12-30 20:17:52
HYPE,increased,-734269.67,-734330.06,18823737.26012,18814270.46726,1767122272895,2025-12-30 20:17:52
PENGU,decreased,-30370894.0,-30313248.0,272305.435604,271667.328576,1767122272895,2025-12-30 20:17:52
SPX,decreased,-877123.7,-877088.4,423685.832048,423423.195984,1767122272895,2025-12-30 20:17:52
PAXG,decreased,-32.699,-32.471,143293.5578,142287.922,1767122272895,2025-12-30 20:17:52
ZORA,decreased,-6839423.0,-6838939.0,264630.954716,264578.033093,1767122272895,2025-12-30 20:17:52
WLFI,decreased,-1872661.0,-1871637.0,267584.53029,267325.91271,1767122272895,2025-12-30 20:17:52
AVNT,decreased,-236744.0,-236701.0,91409.22584,91674.2973,1767122272895,2025-12-30 20:17:52
2Z,decreased,40668.0,40355.0,5023.31136,4987.878,1767122272895,2025-12-30 20:17:52
ZEC,decreased,-2746.86,-2745.32,1469954.6604,1464655.6732,1767122272895,2025-12-30 20:17:52
MET,increased,-147928.0,-148092.0,37550.04352,37563.5358,1767122272895,2025-12-30 20:17:52
BTC,increased,4.07663,4.60924,358877.96879,405815.92656,1767122369341,2025-12-30 20:19:29
ETH,increased,-7610.3625,-7610.7269,22498514.65875,22502636.22523,1767122369341,2025-12-30 20:19:29
SOL,increased,-106784.0,-107010.66,13240148.16,13269321.84,1767122369341,2025-12-30 20:19:29
CRV,decreased,-298482.8,-296927.5,111748.975492,111157.7789,1767122369341,2025-12-30 20:19:29
XRP,decreased,-2322850.0,-2322838.0,4353253.185,4353462.9796,1767122369341,2025-12-30 20:19:29
ONDO,increased,-457533.0,-457574.0,171117.342,171169.28192,1767122369341,2025-12-30 20:19:29
POPCAT,decreased,-384793.0,-384554.0,29952.28712,29909.071904,1767122369341,2025-12-30 20:19:29
VIRTUAL,decreased,-759675.0,-759640.2,512841.399,512696.363784,1767122369341,2025-12-30 20:19:29
FARTCOIN,increased,-8014441.6,-8024662.4,2352639.33168,2355238.4144,1767122369341,2025-12-30 20:19:29
AIXBT,decreased,-551941.0,-550028.0,16476.542732,16417.785772,1767122369341,2025-12-30 20:19:29
PAXG,decreased,-32.471,-32.375,142287.922,141841.35,1767122369341,2025-12-30 20:19:29
ZORA,decreased,-6838939.0,-6837313.0,264578.033093,264371.544458,1767122369341,2025-12-30 20:19:29
XPL,decreased,-14791713.0,-14781107.0,2212544.43054,2206228.03082,1767122369341,2025-12-30 20:19:29
WLFI,decreased,-1871637.0,-1870411.0,267325.91271,267150.80313,1767122369341,2025-12-30 20:19:29
ZEC,decreased,-2745.32,-2743.52,1464655.6732,1464353.8,1767122369341,2025-12-30 20:19:29
BTC,flipped,4.60924,-5.30564,405815.92656,467723.99984,1767122431511,2025-12-30 20:20:31
ETH,increased,-7610.7269,-7634.7741,22502636.22523,22614964.36161,1767122431511,2025-12-30 20:20:31
SOL,increased,-107010.66,-107309.45,13269321.84,13327833.69,1767122431511,2025-12-30 20:20:31
SUI,increased,-494344.9,-495045.3,706023.38618,708310.81524,1767122431511,2025-12-30 20:20:31
LINK,decreased,-167643.9,-166756.0,2073755.043,2066106.84,1767122431511,2025-12-30 20:20:31
SNX,increased,-6649.5,-6689.8,2789.797725,2812.525716,1767122431511,2025-12-30 20:20:31
BCH,decreased,-290.691,-290.645,173289.62583,173381.3683,1767122431511,2025-12-30 20:20:31
kBONK,increased,6446339.0,6448928.0,49623.917622,49721.23488,1767122431511,2025-12-30 20:20:31
JUP,increased,463625.0,465225.0,86966.7775,87406.473,1767122431511,2025-12-30 20:20:31
WIF,decreased,-1191592.0,-1190510.0,331441.3148,331676.086,1767122431511,2025-12-30 20:20:31
ONDO,increased,-457574.0,-457620.0,171169.28192,171401.571,1767122431511,2025-12-30 20:20:31
POPCAT,increased,-384554.0,-387769.0,29909.071904,30227.369088,1767122431511,2025-12-30 20:20:31
EIGEN,decreased,123258.26,123048.26,44459.254382,44432.726686,1767122431511,2025-12-30 20:20:31
HYPE,increased,-734330.06,-734505.34,18822348.09792,18857690.09916,1767122431511,2025-12-30 20:20:31
VIRTUAL,increased,-759640.2,-761018.6,512696.363784,514752.98104,1767122431511,2025-12-30 20:20:31
PENGU,decreased,-30313248.0,-29597930.0,271546.075584,265493.4321,1767122431511,2025-12-30 20:20:31
TRUMP,decreased,2674.3,2670.4,13131.34786,13119.94224,1767122431511,2025-12-30 20:20:31
IP,decreased,-330990.3,-330978.6,502840.46376,503352.25488,1767122431511,2025-12-30 20:20:31
PAXG,decreased,-32.375,-32.288,141841.35,141450.4992,1767122431511,2025-12-30 20:20:31
XPL,increased,-14781107.0,-14787798.0,2206228.03082,2210480.04504,1767122431511,2025-12-30 20:20:31
WLFI,decreased,-1870411.0,-1870288.0,267150.80313,267320.26384,1767122431511,2025-12-30 20:20:31
2Z,decreased,40355.0,40019.0,4983.8425,4943.94726,1767122431511,2025-12-30 20:20:31
ZEC,decreased,-2743.52,-2740.28,1464353.8,1464487.8404,1767122431511,2025-12-30 20:20:31
MON,increased,-38204718.0,-38205253.0,823617.310644,824049.101957,1767122431511,2025-12-30 20:20:31
MET,increased,-148092.0,-148190.0,37579.82592,37672.8618,1767122431511,2025-12-30 20:20:31
BTC,increased,-5.30564,-5.44399,467723.99984,480105.4781,1767122525806,2025-12-30 20:22:05
ETH,increased,-7634.7741,-7700.6006,22614964.36161,22820729.8781,1767122525806,2025-12-30 20:22:05
SOL,increased,-107309.45,-107330.17,13327833.69,13336846.9242,1767122525806,2025-12-30 20:22:05
AVAX,decreased,-13123.32,-13118.88,163779.0336,163802.33568,1767122525806,2025-12-30 20:22:05
BNB,decreased,-1026.164,-1024.998,880674.46808,879858.2832,1767122525806,2025-12-30 20:22:05
LTC,decreased,-4385.55,-4385.41,341941.3335,341930.4177,1767122525806,2025-12-30 20:22:05
LINK,decreased,-166756.0,-166591.7,2066106.84,2064737.5298,1767122525806,2025-12-30 20:22:05
BCH,decreased,-290.645,-290.515,173381.3683,173512.9889,1767122525806,2025-12-30 20:22:05
SEI,decreased,-1339547.0,-1339376.0,150645.45562,150813.7376,1767122525806,2025-12-30 20:22:05
ADA,decreased,381009.0,379583.0,133703.67828,133214.65385,1767122525806,2025-12-30 20:22:05
PYTH,increased,-696300.0,-713434.0,40676.4534,41693.08296,1767122525806,2025-12-30 20:22:05
ONDO,increased,-457620.0,-457670.0,171401.571,171525.5626,1767122525806,2025-12-30 20:22:05
POPCAT,increased,-387769.0,-387962.0,30227.369088,30288.581302,1767122525806,2025-12-30 20:22:05
HYPE,decreased,-734505.34,-734505.29,18857690.09916,18849609.25727,1767122525806,2025-12-30 20:22:05
VIRTUAL,increased,-761018.6,-766509.3,514752.98104,519616.65447,1767122525806,2025-12-30 20:22:05
PENGU,decreased,-29597930.0,-28841781.0,265493.4321,258595.408446,1767122525806,2025-12-30 20:22:05
IP,decreased,-330978.6,-330935.3,503352.25488,503551.15248,1767122525806,2025-12-30 20:22:05
ZORA,decreased,-6837313.0,-6836923.0,264624.525039,264670.963176,1767122525806,2025-12-30 20:22:05
XPL,increased,-14787798.0,-14794761.0,2210480.04504,2211668.82189,1767122525806,2025-12-30 20:22:05
ZEC,decreased,-2740.28,-2739.39,1464487.8404,1464176.5611,1767122525806,2025-12-30 20:22:05
MET,decreased,-148190.0,-147851.0,37672.8618,37592.59526,1767122525806,2025-12-30 20:22:05
BTC,increased,-5.44399,-7.93928,480105.4781,700419.16016,1767122587571,2025-12-30 20:23:07
ETH,increased,-7700.6006,-7778.1917,22820729.8781,23061560.57133,1767122587571,2025-12-30 20:23:07
CRV,increased,-296927.5,-300918.4,111600.200875,113211.520448,1767122587571,2025-12-30 20:23:07
LINK,decreased,-166591.7,-166590.9,2064737.5298,2066226.9327,1767122587571,2025-12-30 20:23:07
ADA,decreased,379583.0,378158.0,133214.65385,132778.83696,1767122587571,2025-12-30 20:23:07
EIGEN,decreased,123048.26,123047.08,44445.031512,44432.300588,1767122587571,2025-12-30 20:23:07
HYPE,increased,-734505.29,-734563.71,18849609.25727,18865065.20022,1767122587571,2025-12-30 20:23:07
VIRTUAL,increased,-766509.3,-789396.8,519616.65447,535147.878656,1767122587571,2025-12-30 20:23:07
SPX,decreased,-877088.4,-877057.0,425080.89306,425100.75733,1767122587571,2025-12-30 20:23:07
IP,decreased,-330935.3,-330928.2,503551.15248,503705.81322,1767122587571,2025-12-30 20:23:07
PAXG,decreased,-32.288,-32.005,141463.4144,140217.1055,1767122587571,2025-12-30 20:23:07
XPL,increased,-14794761.0,-14800863.0,2211668.82189,2209472.82864,1767122587571,2025-12-30 20:23:07
WLFI,decreased,-1870288.0,-1869264.0,267432.48112,267286.05936,1767122587571,2025-12-30 20:23:07
STBL,decreased,-3633366.0,-3632820.0,201324.81006,201196.47006,1767122587571,2025-12-30 20:23:07
ZEC,decreased,-2739.39,-2739.29,1464176.5611,1463383.5038,1767122587571,2025-12-30 20:23:07
BTC,increased,-7.93928,-8.06319,700419.16016,711173.358,1767122659091,2025-12-30 20:24:19
ETH,increased,-7778.1917,-7780.2054,23061560.57133,23063640.88776,1767122659091,2025-12-30 20:24:19
SOL,increased,-107330.17,-107383.28,13341140.131,13344520.2056,1767122659091,2025-12-30 20:24:19
CRV,decreased,-300918.4,-299589.9,113211.520448,112786.609653,1767122659091,2025-12-30 20:24:19
LINK,decreased,-166590.9,-166589.4,2066226.9327,2066041.7388,1767122659091,2025-12-30 20:24:19
XRP,increased,-2322838.0,-2322907.0,4358573.2232,4359399.5669,1767122659091,2025-12-30 20:24:19
APT,increased,3929.48,4075.39,6737.879356,6989.701389,1767122659091,2025-12-30 20:24:19
TON,decreased,-154306.1,-153842.3,249250.64333,248962.99409,1767122659091,2025-12-30 20:24:19
PYTH,decreased,-713434.0,-713161.0,41689.51579,41692.818382,1767122659091,2025-12-30 20:24:19
WIF,decreased,-1190510.0,-1189431.0,332092.7645,332077.24089,1767122659091,2025-12-30 20:24:19
ONDO,increased,-457670.0,-457718.0,171530.1393,171584.74666,1767122659091,2025-12-30 20:24:19
ENA,increased,-6028742.0,-6029251.0,1227391.58378,1227796.67364,1767122659091,2025-12-30 20:24:19
EIGEN,decreased,123047.08,123002.24,44432.300588,44453.009536,1767122659091,2025-12-30 20:24:19
PENGU,decreased,-28841781.0,-28768898.0,258797.300913,258143.321754,1767122659091,2025-12-30 20:24:19
FARTCOIN,decreased,-8024662.4,-8021257.4,2358127.292864,2357768.400156,1767122659091,2025-12-30 20:24:19
IP,increased,-330928.2,-330946.3,503705.81322,503733.36323,1767122659091,2025-12-30 20:24:19
ASTER,increased,-1955481.0,-1956234.0,1341342.63714,1342446.02016,1767122659091,2025-12-30 20:24:19
STBL,decreased,-3632820.0,-3632274.0,201196.47006,201246.14097,1767122659091,2025-12-30 20:24:19
2Z,decreased,40019.0,39866.0,4950.75049,4931.4242,1767122659091,2025-12-30 20:24:19
ZEC,decreased,-2739.29,-2737.16,1463383.5038,1466022.896,1767122659091,2025-12-30 20:24:19
MON,decreased,-38205253.0,-38204326.0,824775.001764,824143.720472,1767122659091,2025-12-30 20:24:19
BTC,increased,-8.06319,-8.52402,711173.358,751741.84782,1767122719176,2025-12-30 20:25:19
ETH,increased,-7780.2054,-7780.3388,23063640.88776,23057812.06768,1767122719176,2025-12-30 20:25:19
LTC,increased,-4385.41,-4387.8,342237.3964,342257.1756,1767122719176,2025-12-30 20:25:19
TON,decreased,-153842.3,-153832.0,248962.99409,248623.2784,1767122719176,2025-12-30 20:25:19
PYTH,decreased,-713161.0,-698581.0,41692.818382,40840.442422,1767122719176,2025-12-30 20:25:19
kBONK,decreased,6448928.0,5865604.0,49779.275232,45288.328484,1767122719176,2025-12-30 20:25:19
ONDO,increased,-457718.0,-457820.0,171584.74666,171554.3104,1767122719176,2025-12-30 20:25:19
EIGEN,decreased,123002.24,122950.35,44453.009536,44397.371385,1767122719176,2025-12-30 20:25:19
PENGU,decreased,-28768898.0,-28657319.0,258143.321754,257113.466068,1767122719176,2025-12-30 20:25:19
FARTCOIN,increased,-8021257.4,-8022193.8,2357768.400156,2357161.204254,1767122719176,2025-12-30 20:25:19
TRUMP,decreased,2670.4,2667.1,13129.82272,13105.06256,1767122719176,2025-12-30 20:25:19
ZORA,decreased,-6836923.0,-6835541.0,265135.87394,264822.529422,1767122719176,2025-12-30 20:25:19
ASTER,increased,-1956234.0,-1956963.0,1342446.02016,1342613.60541,1767122719176,2025-12-30 20:25:19
ZEC,decreased,-2737.16,-2736.74,1466022.896,1466098.9854,1767122719176,2025-12-30 20:25:19
BTC,increased,-8.52402,-10.55421,751741.84782,931229.61093,1767122783006,2025-12-30 20:26:23
ETH,increased,-7780.3388,-7787.3971,23057812.06768,23092747.36034,1767122783006,2025-12-30 20:26:23
XRP,increased,-2322907.0,-2323119.0,4357541.2413,4358868.1797,1767122783006,2025-12-30 20:26:23
APT,increased,4075.39,4221.26,6990.516467,7228.485624,1767122783006,2025-12-30 20:26:23
PYTH,decreased,-698581.0,-694947.0,40840.442422,40654.3995,1767122783006,2025-12-30 20:26:23
JUP,increased,465225.0,465328.0,87439.03875,87500.27712,1767122783006,2025-12-30 20:26:23
WIF,decreased,-1189431.0,-1189235.0,332184.28968,332248.4743,1767122783006,2025-12-30 20:26:23
ONDO,increased,-457820.0,-458351.0,171554.3104,171840.37341,1767122783006,2025-12-30 20:26:23
POPCAT,increased,-387962.0,-388214.0,30313.798832,30347.464808,1767122783006,2025-12-30 20:26:23
EIGEN,decreased,122950.35,122861.06,44397.371385,44328.270448,1767122783006,2025-12-30 20:26:23
HYPE,increased,-734563.71,-734631.6,18866534.32764,18886643.8044,1767122783006,2025-12-30 20:26:23
PENGU,decreased,-28657319.0,-28635351.0,257113.466068,257030.910576,1767122783006,2025-12-30 20:26:23
AIXBT,decreased,-550028.0,-549279.0,16462.33804,16444.863981,1767122783006,2025-12-30 20:26:23
TRUMP,decreased,2667.1,2662.3,13105.06256,13081.21105,1767122783006,2025-12-30 20:26:23
ZORA,decreased,-6835541.0,-6835060.0,264822.529422,264776.55428,1767122783006,2025-12-30 20:26:23
PUMP,decreased,-901921928.0,-901897021.0,1610832.563408,1612591.873548,1767122783006,2025-12-30 20:26:23
XPL,increased,-14800863.0,-14808018.0,2210212.87179,2212762.12974,1767122783006,2025-12-30 20:26:23
ASTER,increased,-1956963.0,-1957692.0,1342613.60541,1344738.6348,1767122783006,2025-12-30 20:26:23
AVNT,increased,-236701.0,-236714.0,91494.40454,91549.1395,1767122783006,2025-12-30 20:26:23
STBL,decreased,-3632274.0,-3631728.0,201039.101352,201263.102304,1767122783006,2025-12-30 20:26:23
ZEC,decreased,-2736.74,-2735.72,1466098.9854,1463911.1292,1767122783006,2025-12-30 20:26:23
BTC,increased,-10.55421,-12.2765,931229.61093,1083609.8255,1767122842970,2025-12-30 20:27:22
ETH,increased,-7787.3971,-7801.2421,23092747.36034,23147845.55912,1767122842970,2025-12-30 20:27:22
SOL,increased,-107383.28,-107399.37,13345594.0384,13360481.628,1767122842970,2025-12-30 20:27:22
SUI,increased,-495045.3,-497140.0,709350.41037,712550.762,1767122842970,2025-12-30 20:27:22
PYTH,increased,-694947.0,-705451.0,40654.3995,41286.519775,1767122842970,2025-12-30 20:27:22
PENGU,decreased,-28635351.0,-28633162.0,257030.910576,257440.759542,1767122842970,2025-12-30 20:27:22
FARTCOIN,decreased,-8022193.8,-8018795.3,2358444.755262,2362337.09538,1767122842970,2025-12-30 20:27:22
PAXG,decreased,-32.005,-31.988,140242.7095,140152.2232,1767122842970,2025-12-30 20:27:22
ZORA,decreased,-6835060.0,-6834177.0,264776.55428,265234.40937,1767122842970,2025-12-30 20:27:22
WLFI,decreased,-1869264.0,-1869013.0,267491.6784,267642.6616,1767122842970,2025-12-30 20:27:22
MON,decreased,-38204326.0,-38192753.0,825519.076208,826032.861884,1767122842970,2025-12-30 20:27:22
BTC,increased,-12.2765,-12.29036,1083609.8255,1084710.30252,1767122903422,2025-12-30 20:28:23
DOGE,decreased,-12647010.0,-12646648.0,1558111.632,1558952.29896,1767122903422,2025-12-30 20:28:23
CRV,increased,-299589.9,-299638.3,112927.416906,112933.67527,1767122903422,2025-12-30 20:28:23
LINK,decreased,-166589.4,-166267.0,2068207.401,2064204.805,1767122903422,2025-12-30 20:28:23
TON,increased,-153832.0,-153842.9,248946.3256,248871.65933,1767122903422,2025-12-30 20:28:23
PYTH,increased,-705451.0,-709214.0,41286.519775,41545.75612,1767122903422,2025-12-30 20:28:23
kBONK,decreased,5865604.0,5865136.0,45358.715732,45366.82696,1767122903422,2025-12-30 20:28:23
JUP,increased,465328.0,465422.0,87597.996,87615.6915,1767122903422,2025-12-30 20:28:23
VIRTUAL,increased,-789396.8,-790869.7,535874.123712,537206.152422,1767122903422,2025-12-30 20:28:23
PENGU,decreased,-28633162.0,-28577505.0,257440.759542,256940.347455,1767122903422,2025-12-30 20:28:23
FARTCOIN,increased,-8018795.3,-8022189.9,2362337.09538,2354673.179448,1767122903422,2025-12-30 20:28:23
TRUMP,decreased,2662.3,2657.2,13087.33434,13061.20088,1767122903422,2025-12-30 20:28:23
IP,increased,-330946.3,-332475.1,504494.53972,507290.50758,1767122903422,2025-12-30 20:28:23
PAXG,decreased,-31.988,-31.971,140152.2232,140052.1626,1767122903422,2025-12-30 20:28:23
ZORA,decreased,-6834177.0,-6833723.0,265234.40937,265257.791968,1767122903422,2025-12-30 20:28:23
ASTER,increased,-1957692.0,-1958420.0,1345345.51932,1345454.1242,1767122903422,2025-12-30 20:28:23
STBL,decreased,-3631728.0,-3631182.0,201339.368592,201410.771994,1767122903422,2025-12-30 20:28:23
MON,decreased,-38192753.0,-38189799.0,826032.861884,826847.338149,1767122903422,2025-12-30 20:28:23
BTC,increased,-12.29036,-13.57284,1084710.30252,1198929.67572,1767122966378,2025-12-30 20:29:26
ETH,increased,-7801.2421,-7816.9988,23148625.68333,23210232.83696,1767122966378,2025-12-30 20:29:26
LINK,decreased,-166267.0,-166265.6,2064204.805,2064686.2208,1767122966378,2025-12-30 20:29:26
XRP,increased,-2323119.0,-2323130.0,4360494.363,4362605.827,1767122966378,2025-12-30 20:29:26
ONDO,increased,-458351.0,-458479.0,172032.88083,172158.8645,1767122966378,2025-12-30 20:29:26
POPCAT,increased,-388214.0,-388446.0,30401.814768,30454.554846,1767122966378,2025-12-30 20:29:26
EIGEN,decreased,122861.06,122786.83,44340.556554,44338.324313,1767122966378,2025-12-30 20:29:26
FARTCOIN,increased,-8022189.9,-8023133.8,2354673.179448,2357918.792482,1767122966378,2025-12-30 20:29:26
SPX,decreased,-877057.0,-877017.7,426047.97889,425651.770518,1767122966378,2025-12-30 20:29:26
TRUMP,decreased,2657.2,2653.8,13061.20088,13049.79612,1767122966378,2025-12-30 20:29:26
IP,increased,-332475.1,-337007.1,507290.50758,517272.19779,1767122966378,2025-12-30 20:29:26
PAXG,decreased,-31.971,-31.849,140052.1626,139549.5784,1767122966378,2025-12-30 20:29:26
XPL,increased,-14808018.0,-14808687.0,2214835.25226,2213602.53276,1767122966378,2025-12-30 20:29:26
WLFI,decreased,-1869013.0,-1867989.0,267642.6616,267496.0248,1767122966378,2025-12-30 20:29:26
ZEC,decreased,-2735.72,-2733.62,1463309.2708,1461283.9072,1767122966378,2025-12-30 20:29:26
MON,decreased,-38189799.0,-38178250.0,826847.338149,826520.93425,1767122966378,2025-12-30 20:29:26
MET,increased,-147851.0,-149086.0,37620.68695,37933.44184,1767122966378,2025-12-30 20:29:26
BTC,increased,-13.57284,-15.15281,1198929.67572,1339205.3478,1767123041819,2025-12-30 20:30:41
ETH,increased,-7816.9988,-7845.8769,23210232.83696,23328145.78677,1767123041819,2025-12-30 20:30:41
SOL,increased,-107399.37,-107442.57,13362629.6154,13380897.6678,1767123041819,2025-12-30 20:30:41
LINK,decreased,-166265.6,-166261.6,2064686.2208,2066797.9496,1767123041819,2025-12-30 20:30:41
WLD,increased,-744243.3,-745262.5,365430.902733,366542.455375,1767123041819,2025-12-30 20:30:41
UNI,increased,-66400.1,-66568.0,395379.39545,397131.3744,1767123041819,2025-12-30 20:30:41
ADA,decreased,378158.0,377988.0,133062.45546,133051.776,1767123041819,2025-12-30 20:30:41
TON,increased,-153842.9,-153868.3,249194.72942,249235.87234,1767123041819,2025-12-30 20:30:41
PYTH,increased,-709214.0,-709815.0,41574.12468,41657.62272,1767123041819,2025-12-30 20:30:41
JUP,increased,465422.0,467015.0,87732.047,88125.7305,1767123041819,2025-12-30 20:30:41
ENA,increased,-6029251.0,-6029462.0,1231956.85683,1233024.979,1767123041819,2025-12-30 20:30:41
EIGEN,decreased,122786.83,122740.25,44338.324313,44456.51855,1767123041819,2025-12-30 20:30:41
PENGU,decreased,-28577505.0,-28563775.0,257111.812485,257359.61275,1767123041819,2025-12-30 20:30:41
IP,increased,-337007.1,-340524.3,517272.19779,522500.48592,1767123041819,2025-12-30 20:30:41
PAXG,increased,-31.849,-31.855,139549.5784,139575.868,1767123041819,2025-12-30 20:30:41
ZORA,decreased,-6833723.0,-6782322.0,265421.80132,263493.2097,1767123041819,2025-12-30 20:30:41
PUMP,decreased,-901897021.0,-901757298.0,1615297.564611,1618654.34991,1767123041819,2025-12-30 20:30:41
XPL,increased,-14808687.0,-14810535.0,2213602.53276,2213434.45575,1767123041819,2025-12-30 20:30:41
WLFI,decreased,-1867989.0,-1866018.0,267496.0248,267549.66084,1767123041819,2025-12-30 20:30:41
STBL,decreased,-3631182.0,-3630932.0,201461.608542,201629.284892,1767123041819,2025-12-30 20:30:41
MON,decreased,-38178250.0,-38143526.0,826520.93425,826112.486108,1767123041819,2025-12-30 20:30:41
MET,increased,-149086.0,-149348.0,37933.44184,38024.0008,1767123041819,2025-12-30 20:30:41
BTC,increased,-15.15281,-15.19273,1339205.3478,1341715.56449,1767123116039,2025-12-30 20:31:56
ETH,increased,-7845.8769,-7852.4639,23328145.78677,23331240.73968,1767123116039,2025-12-30 20:31:56
SOL,increased,-107442.57,-107814.22,13380897.6678,13430417.3854,1767123116039,2025-12-30 20:31:56
AVAX,increased,-13118.88,-13125.87,164209.02096,164217.75957,1767123116039,2025-12-30 20:31:56
XRP,decreased,-2323130.0,-2322384.0,4364696.644,4360043.7216,1767123116039,2025-12-30 20:31:56
BCH,decreased,-290.515,-290.483,173629.1949,173531.63937,1767123116039,2025-12-30 20:31:56
APT,decreased,4221.26,3639.45,7262.255704,6263.49345,1767123116039,2025-12-30 20:31:56
SEI,decreased,-1339376.0,-1339099.0,151403.06304,151264.62304,1767123116039,2025-12-30 20:31:56
TIA,decreased,-498790.8,-498712.5,229927.595076,229831.655625,1767123116039,2025-12-30 20:31:56
PYTH,increased,-709815.0,-710112.0,41657.62272,41722.63056,1767123116039,2025-12-30 20:31:56
kBONK,decreased,5865136.0,5800557.0,45472.399408,44960.117307,1767123116039,2025-12-30 20:31:56
WIF,decreased,-1189235.0,-1188843.0,334841.0066,335218.06071,1767123116039,2025-12-30 20:31:56
POPCAT,increased,-388446.0,-388945.0,30490.680324,30506.901075,1767123116039,2025-12-30 20:31:56
EIGEN,increased,122740.25,123431.53,44456.51855,44694.557013,1767123116039,2025-12-30 20:31:56
HYPE,increased,-734631.6,-734640.05,18913825.1736,18896411.3661,1767123116039,2025-12-30 20:31:56
PENGU,decreased,-28563775.0,-28552651.0,257359.61275,257116.622255,1767123116039,2025-12-30 20:31:56
AIXBT,decreased,-549279.0,-547452.0,16514.622414,16450.9326,1767123116039,2025-12-30 20:31:56
TRUMP,decreased,2653.8,2202.7,13056.96138,10832.8786,1767123116039,2025-12-30 20:31:56
ZORA,decreased,-6782322.0,-6779805.0,263493.2097,263307.286785,1767123116039,2025-12-30 20:31:56
ASTER,increased,-1958420.0,-1959147.0,1347706.3072,1347834.36159,1767123116039,2025-12-30 20:31:56
STBL,decreased,-3630932.0,-3620726.0,201629.284892,200602.703304,1767123116039,2025-12-30 20:31:56
ZEC,decreased,-2733.62,-2733.42,1461502.5968,1459017.5934,1767123116039,2025-12-30 20:31:56
MET,decreased,-149348.0,-149272.0,38024.0008,37967.3332,1767123116039,2025-12-30 20:31:56
BTC,increased,-15.19273,-31.86559,1341715.56449,2807422.21018,1767126371861,2025-12-30 21:26:11
ETH,increased,-7852.4639,-7930.3216,23331240.73968,23542745.73392,1767126371861,2025-12-30 21:26:11
SOL,increased,-107814.22,-109787.76,13430417.3854,13680652.7736,1767126371861,2025-12-30 21:26:11
AVAX,increased,-13125.87,-13216.71,164217.75957,164852.02383,1767126371861,2025-12-30 21:26:11
BNB,increased,-1024.998,-1029.67,880770.53142,884465.9366,1767126371861,2025-12-30 21:26:11
LTC,decreased,-4387.8,-4346.77,342906.57,339243.66465,1767126371861,2025-12-30 21:26:11
ARB,increased,509645.3,510888.2,97882.476318,97630.73502,1767126371861,2025-12-30 21:26:11
DOGE,decreased,-12646648.0,-12643381.0,1558193.50008,1555515.16443,1767126371861,2025-12-30 21:26:11
SUI,increased,-497140.0,-499535.6,712948.474,713536.65104,1767126371861,2025-12-30 21:26:11
CRV,increased,-299638.3,-317911.5,113059.523356,119467.962585,1767126371861,2025-12-30 21:26:11
LDO,increased,-1091563.0,-1092506.2,643378.14783,639804.405906,1767126371861,2025-12-30 21:26:11
LINK,decreased,-166261.6,-164731.7,2065634.1184,2041684.6898,1767126371861,2025-12-30 21:26:11
SNX,increased,-6689.8,-6934.3,2825.704622,2902.351265,1767126371861,2025-12-30 21:26:11
XRP,decreased,-2322384.0,-2314839.0,4360043.7216,4334073.0597,1767126371861,2025-12-30 21:26:11
BCH,decreased,-290.483,-290.41,173531.63937,172799.7582,1767126371861,2025-12-30 21:26:11
APT,increased,3639.45,4249.67,6263.49345,7280.959611,1767126371861,2025-12-30 21:26:11
WLD,increased,-745262.5,-745535.3,366311.424,365804.350298,1767126371861,2025-12-30 21:26:11
TRX,increased,-1756779.0,-1759644.0,501384.7266,503610.1128,1767126371861,2025-12-30 21:26:11
UNI,increased,-66568.0,-67132.6,396898.3864,398626.66554,1767126371861,2025-12-30 21:26:11
SEI,increased,-1339099.0,-1349180.0,151264.62304,151944.6516,1767126371861,2025-12-30 21:26:11
TIA,increased,-498712.5,-500845.9,229831.655625,229763.056625,1767126371861,2025-12-30 21:26:11
ADA,decreased,377988.0,359387.0,132911.92044,125789.04387,1767126371861,2025-12-30 21:26:11
TON,increased,-153868.3,-154820.8,249112.7777,252094.70864,1767126371861,2025-12-30 21:26:11
PYTH,increased,-710112.0,-717343.0,41722.63056,42043.47323,1767126371861,2025-12-30 21:26:11
kBONK,decreased,5800557.0,4413821.0,44960.117307,34026.146089,1767126371861,2025-12-30 21:26:11
JUP,increased,467015.0,508724.0,88233.14395,96143.74876,1767126371861,2025-12-30 21:26:11
WIF,increased,-1188843.0,-1190204.0,335218.06071,332840.5486,1767126371861,2025-12-30 21:26:11
ONDO,increased,-458479.0,-460571.0,172466.04543,172410.14814,1767126371861,2025-12-30 21:26:11
TAO,increased,-3196.151,-3199.602,706796.83214,706984.05792,1767126371861,2025-12-30 21:26:11
ENA,increased,-6029462.0,-6056659.0,1232422.0328,1233014.63922,1767126371861,2025-12-30 21:26:11
POPCAT,increased,-388945.0,-674893.0,30506.901075,52844.1219,1767126371861,2025-12-30 21:26:11
EIGEN,decreased,123431.53,118230.4,44694.557013,42361.95232,1767126371861,2025-12-30 21:26:11
HYPE,decreased,-734640.05,-734230.75,18896411.3661,18946090.273,1767126371861,2025-12-30 21:26:11
VIRTUAL,increased,-790869.7,-851201.4,538605.991791,577472.053788,1767126371861,2025-12-30 21:26:11
PENGU,decreased,-28552651.0,-27378264.0,257116.622255,245446.13676,1767126371861,2025-12-30 21:26:11
FARTCOIN,decreased,-8023133.8,-8013689.0,2360245.501284,2332464.32034,1767126371861,2025-12-30 21:26:11
AIXBT,decreased,-547452.0,-531727.0,16450.9326,16014.022059,1767126371861,2025-12-30 21:26:11
SPX,increased,-877017.7,-877105.4,426116.589899,423334.92131,1767126371861,2025-12-30 21:26:11
TRUMP,flipped,2202.7,-3427.0,10832.8786,16855.3568,1767126371861,2025-12-30 21:26:11
IP,decreased,-340524.3,-333101.1,522364.2762,510677.29641,1767126371861,2025-12-30 21:26:11
PAXG,decreased,-31.855,-22.602,139550.384,98707.4544,1767126371861,2025-12-30 21:26:11
ZORA,increased,-6779805.0,-6787656.0,263307.286785,263632.55904,1767126371861,2025-12-30 21:26:11
PUMP,decreased,-901757298.0,-900946275.0,1618654.34991,1619901.40245,1767126371861,2025-12-30 21:26:11
XPL,increased,-14810535.0,-15033997.0,2213582.5611,2283964.82424,1767126371861,2025-12-30 21:26:11
WLFI,decreased,-1866018.0,-1865259.0,267549.66084,267608.70873,1767126371861,2025-12-30 21:26:11
ASTER,increased,-1959147.0,-1971800.0,1347834.36159,1355277.294,1767126371861,2025-12-30 21:26:11
AVNT,increased,-236714.0,-237592.0,91738.5107,90862.30856,1767126371861,2025-12-30 21:26:11
STBL,decreased,-3620726.0,-3581729.0,200602.703304,198542.401928,1767126371861,2025-12-30 21:26:11
2Z,decreased,39866.0,36725.0,4962.51968,4479.7155,1767126371861,2025-12-30 21:26:11
ZEC,decreased,-2733.42,-2721.97,1459017.5934,1455110.7226,1767126371861,2025-12-30 21:26:11
MON,decreased,-38143526.0,-38065936.0,824510.458016,830408.39384,1767126371861,2025-12-30 21:26:11
MET,increased,-149272.0,-153213.0,37967.3332,38784.33882,1767126371861,2025-12-30 21:26:11
ETH,increased,-7930.3216,-7930.6342,23542745.73392,23527812.48114,1767126502693,2025-12-30 21:28:22
SOL,increased,-109787.76,-109797.47,13680652.7736,13668687.0403,1767126502693,2025-12-30 21:28:22
DOGE,decreased,-12643381.0,-12043316.0,1555515.16443,1479039.63796,1767126502693,2025-12-30 21:28:22
SUI,increased,-499535.6,-500252.7,713536.65104,713960.65344,1767126502693,2025-12-30 21:28:22
LINK,increased,-164731.7,-164736.3,2041684.6898,2039600.1303,1767126502693,2025-12-30 21:28:22
SNX,increased,-6934.3,-6938.8,2902.351265,2903.8878,1767126502693,2025-12-30 21:28:22
APT,increased,4249.67,4278.84,7280.959611,7331.364456,1767126502693,2025-12-30 21:28:22
AAVE,increased,-3681.53,-3684.86,552671.2836,552876.3944,1767126502693,2025-12-30 21:28:22
SEI,increased,-1349180.0,-1349735.0,151944.6516,151939.66895,1767126502693,2025-12-30 21:28:22
TIA,increased,-500845.9,-500920.4,229763.056625,229546.7733,1767126502693,2025-12-30 21:28:22
PYTH,increased,-717343.0,-717627.0,42043.47323,42029.978136,1767126502693,2025-12-30 21:28:22
JUP,increased,508724.0,508821.0,96143.74876,96095.93406,1767126502693,2025-12-30 21:28:22
WIF,increased,-1190204.0,-1194133.0,332840.5486,333485.52291,1767126502693,2025-12-30 21:28:22
ONDO,increased,-460571.0,-460675.0,172410.14814,172292.45,1767126502693,2025-12-30 21:28:22
POPCAT,increased,-674893.0,-677269.0,52844.1219,52945.504075,1767126502693,2025-12-30 21:28:22
EIGEN,decreased,118230.4,117873.04,42361.95232,42186.761016,1767126502693,2025-12-30 21:28:22
HYPE,decreased,-734230.75,-734172.63,18946090.273,18946793.06241,1767126502693,2025-12-30 21:28:22
VIRTUAL,increased,-851201.4,-851309.8,577472.053788,576983.730048,1767126502693,2025-12-30 21:28:22
PENGU,increased,-27378264.0,-27383828.0,245446.13676,245140.028256,1767126502693,2025-12-30 21:28:22
FARTCOIN,increased,-8013689.0,-8021686.9,2332464.32034,2329096.791415,1767126502693,2025-12-30 21:28:22
AIXBT,increased,-531727.0,-532339.0,16014.022059,16019.145188,1767126502693,2025-12-30 21:28:22
SPX,increased,-877105.4,-877197.6,423334.92131,422414.50428,1767126502693,2025-12-30 21:28:22
TRUMP,increased,-3427.0,-3434.7,16855.3568,16887.38949,1767126502693,2025-12-30 21:28:22
IP,decreased,-333101.1,-333068.1,510677.29641,510426.86325,1767126502693,2025-12-30 21:28:22
ZORA,increased,-6787656.0,-6788088.0,263632.55904,263343.87396,1767126502693,2025-12-30 21:28:22
XPL,increased,-15033997.0,-15053462.0,2283964.82424,2285266.06622,1767126502693,2025-12-30 21:28:22
AVNT,increased,-237592.0,-237908.0,90862.30856,90773.7974,1767126502693,2025-12-30 21:28:22
2Z,decreased,36725.0,36484.0,4479.7155,4457.25028,1767126502693,2025-12-30 21:28:22
ZEC,decreased,-2721.97,-2720.03,1455110.7226,1453937.6359,1767126502693,2025-12-30 21:28:22
MON,increased,-38065936.0,-38169442.0,830408.39384,832437.360578,1767126502693,2025-12-30 21:28:22
MET,increased,-153213.0,-153377.0,38784.33882,38808.98231,1767126502693,2025-12-30 21:28:22
ETH,increased,-7930.6342,-7935.6891,23527812.48114,23543602.42188,1767126565179,2025-12-30 21:29:25
DOGE,decreased,-12043316.0,-11417817.0,1479039.63796,1401422.85858,1767126565179,2025-12-30 21:29:25
SUI,increased,-500252.7,-500851.2,713960.65344,714814.83264,1767126565179,2025-12-30 21:29:25
LINK,decreased,-164736.3,-164713.4,2039600.1303,2039151.892,1767126565179,2025-12-30 21:29:25
XRP,decreased,-2314839.0,-2311843.0,4331989.7046,4325458.253,1767126565179,2025-12-30 21:29:25
AAVE,increased,-3684.86,-3688.19,552876.3944,553412.9095,1767126565179,2025-12-30 21:29:25
TIA,increased,-500920.4,-501041.9,229546.7733,229547.336066,1767126565179,2025-12-30 21:29:25
WIF,increased,-1194133.0,-1194685.0,333485.52291,333651.6268,1767126565179,2025-12-30 21:29:25
ONDO,increased,-460675.0,-460767.0,172292.45,172280.7813,1767126565179,2025-12-30 21:29:25
HYPE,decreased,-734172.63,-734130.5,18946793.06241,18955983.6405,1767126565179,2025-12-30 21:29:25
VIRTUAL,increased,-851309.8,-851378.4,576983.730048,576936.57276,1767126565179,2025-12-30 21:29:25
FARTCOIN,decreased,-8021686.9,-8021269.7,2329096.791415,2331542.463699,1767126565179,2025-12-30 21:29:25
TRUMP,increased,-3434.7,-3438.3,16887.38949,16901.30748,1767126565179,2025-12-30 21:29:25
IP,decreased,-333068.1,-333048.1,510426.86325,510063.16515,1767126565179,2025-12-30 21:29:25
XPL,decreased,-15053462.0,-15042493.0,2285266.06622,2284052.13712,1767126565179,2025-12-30 21:29:25
ASTER,increased,-1971800.0,-1972145.0,1354074.496,1353995.8712,1767126565179,2025-12-30 21:29:25
ZEC,decreased,-2720.03,-2718.51,1453937.6359,1452663.0036,1767126565179,2025-12-30 21:29:25
MON,increased,-38169442.0,-38178375.0,832437.360578,832250.396625,1767126565179,2025-12-30 21:29:25
BTC,increased,-31.86559,-38.34238,2804745.50062,3374972.97236,1767126642412,2025-12-30 21:30:42
SOL,increased,-109797.47,-109939.23,13659903.2427,13677539.6043,1767126642412,2025-12-30 21:30:42
LTC,increased,-4346.77,-4347.16,338965.47137,338926.3294,1767126642412,2025-12-30 21:30:42
DOGE,decreased,-11417817.0,-11417688.0,1401422.85858,1400950.3176,1767126642412,2025-12-30 21:30:42
SUI,increased,-500851.2,-502851.4,714814.83264,717367.80724,1767126642412,2025-12-30 21:30:42
APT,decreased,4278.84,4254.33,7329.225036,7280.860362,1767126642412,2025-12-30 21:30:42
AAVE,increased,-3688.19,-3691.59,553412.9095,553775.4159,1767126642412,2025-12-30 21:30:42
PYTH,decreased,-717627.0,-717115.0,42038.58966,42007.16247,1767126642412,2025-12-30 21:30:42
JUP,decreased,508821.0,508809.0,96075.58122,95976.64167,1767126642412,2025-12-30 21:30:42
WIF,increased,-1194685.0,-1196506.0,333651.6268,334112.33544,1767126642412,2025-12-30 21:30:42
ENA,decreased,-6056659.0,-6054052.0,1231197.64152,1229941.20432,1767126642412,2025-12-30 21:30:42
POPCAT,increased,-677269.0,-718944.0,52933.990502,56196.25776,1767126642412,2025-12-30 21:30:42
EIGEN,decreased,117873.04,117601.55,42174.973712,42077.83459,1767126642412,2025-12-30 21:30:42
HYPE,decreased,-734130.5,-734072.39,18955983.6405,18947142.45829,1767126642412,2025-12-30 21:30:42
VIRTUAL,increased,-851378.4,-851508.6,576936.57276,576871.531242,1767126642412,2025-12-30 21:30:42
FARTCOIN,decreased,-8021269.7,-8006922.6,2331542.463699,2321607.20787,1767126642412,2025-12-30 21:30:42
AIXBT,decreased,-532339.0,-531838.0,16002.11034,16002.473582,1767126642412,2025-12-30 21:30:42
TRUMP,increased,-3438.3,-3449.7,16901.30748,16960.45005,1767126642412,2025-12-30 21:30:42
IP,decreased,-333048.1,-332864.6,510063.16515,509316.12446,1767126642412,2025-12-30 21:30:42
PAXG,increased,-22.602,-22.624,98759.439,98837.4688,1767126642412,2025-12-30 21:30:42
ZORA,increased,-6788088.0,-6789555.0,263309.93352,263319.311565,1767126642412,2025-12-30 21:30:42
XPL,increased,-15042493.0,-15046572.0,2284052.13712,2285273.35536,1767126642412,2025-12-30 21:30:42
AVNT,increased,-237908.0,-239193.0,90535.8894,90761.78385,1767126642412,2025-12-30 21:30:42
ZEC,decreased,-2718.51,-2715.71,1452663.0036,1449211.4844,1767126642412,2025-12-30 21:30:42
MET,increased,-153377.0,-153541.0,38793.64461,38828.98349,1767126642412,2025-12-30 21:30:42
BTC,increased,-38.34238,-46.14466,3374972.97236,4065667.55862,1767126705455,2025-12-30 21:31:45
ETH,decreased,-7935.6891,-7935.6379,23544395.99079,23552973.2872,1767126705455,2025-12-30 21:31:45
SOL,increased,-109939.23,-109955.32,13677539.6043,13686138.6804,1767126705455,2025-12-30 21:31:45
BNB,decreased,-1029.67,-1026.174,884414.4531,881575.82166,1767126705455,2025-12-30 21:31:45
DOGE,decreased,-11417688.0,-11374265.0,1400950.3176,1395167.3449,1767126705455,2025-12-30 21:31:45
SUI,increased,-502851.4,-503348.4,717367.80724,718529.841,1767126705455,2025-12-30 21:31:45
CRV,increased,-317911.5,-318072.9,119432.99232,119525.434362,1767126705455,2025-12-30 21:31:45
LINK,decreased,-164713.4,-164712.1,2038987.1786,2039300.5101,1767126705455,2025-12-30 21:31:45
APT,increased,4254.33,4400.53,7280.860362,7531.067042,1767126705455,2025-12-30 21:31:45
AAVE,increased,-3691.59,-3698.25,553775.4159,554663.535,1767126705455,2025-12-30 21:31:45
TON,increased,-154820.8,-155138.4,251924.40576,252192.98304,1767126705455,2025-12-30 21:31:45
JUP,increased,508809.0,508914.0,95976.64167,96026.98266,1767126705455,2025-12-30 21:31:45
ONDO,increased,-460767.0,-460928.0,172239.31227,172368.63488,1767126705455,2025-12-30 21:31:45
ENA,decreased,-6054052.0,-6049965.0,1229941.20432,1229171.38905,1767126705455,2025-12-30 21:31:45
POPCAT,increased,-718944.0,-719164.0,56196.25776,56224.24152,1767126705455,2025-12-30 21:31:45
PENGU,increased,-27383828.0,-27395297.0,245057.876772,245324.884635,1767126705455,2025-12-30 21:31:45
FARTCOIN,increased,-8006922.6,-8007940.9,2321607.20787,2322623.178636,1767126705455,2025-12-30 21:31:45
TRUMP,increased,-3449.7,-3477.6,16960.45005,17098.66368,1767126705455,2025-12-30 21:31:45
ZORA,increased,-6789555.0,-6790425.0,263319.311565,263373.42405,1767126705455,2025-12-30 21:31:45
XPL,increased,-15046572.0,-15061697.0,2285273.35536,2290432.26279,1767126705455,2025-12-30 21:31:45
AVNT,decreased,-239193.0,-239163.0,90761.78385,90556.67832,1767126705455,2025-12-30 21:31:45
ZEC,decreased,-2715.71,-2713.61,1449211.4844,1447222.4852,1767126705455,2025-12-30 21:31:45
MON,increased,-38178375.0,-38247041.0,832594.002,837227.72749,1767126705455,2025-12-30 21:31:45
MET,decreased,-153541.0,-153435.0,38828.98349,38808.31455,1767126705455,2025-12-30 21:31:45
BTC,increased,-46.14466,-47.53328,4065667.55862,4187919.6344,1767126767173,2025-12-30 21:32:47
SUI,increased,-503348.4,-503792.8,718529.841,719013.08416,1767126767173,2025-12-30 21:32:47
CRV,decreased,-318072.9,-318021.9,119525.434362,119398.142136,1767126767173,2025-12-30 21:32:47
LINK,decreased,-164712.1,-164065.3,2039300.5101,2030800.2834,1767126767173,2025-12-30 21:32:47
XRP,increased,-2311843.0,-2312048.0,4326151.8059,4326766.6272,1767126767173,2025-12-30 21:32:47
APT,increased,4400.53,4450.53,7531.067042,7612.631565,1767126767173,2025-12-30 21:32:47
AAVE,increased,-3698.25,-3701.58,554663.535,555125.9526,1767126767173,2025-12-30 21:32:47
UNI,increased,-67132.6,-67216.9,398405.12796,398757.53756,1767126767173,2025-12-30 21:32:47
PYTH,increased,-717115.0,-717537.0,42065.248785,42056.278644,1767126767173,2025-12-30 21:32:47
JUP,decreased,508914.0,508711.0,96026.98266,95932.72038,1767126767173,2025-12-30 21:32:47
WIF,increased,-1196506.0,-1201717.0,334184.1258,335411.23187,1767126767173,2025-12-30 21:32:47
ONDO,increased,-460928.0,-460970.0,172368.63488,172310.586,1767126767173,2025-12-30 21:32:47
ENA,decreased,-6049965.0,-6047183.0,1229171.38905,1228303.81096,1767126767173,2025-12-30 21:32:47
EIGEN,increased,117601.55,117651.34,42148.39552,42154.475122,1767126767173,2025-12-30 21:32:47
HYPE,decreased,-734072.39,-734063.3,18967696.48521,18968195.672,1767126767173,2025-12-30 21:32:47
VIRTUAL,increased,-851508.6,-851530.0,577075.893306,577124.4575,1767126767173,2025-12-30 21:32:47
PENGU,decreased,-27395297.0,-27392738.0,245324.884635,245219.790576,1767126767173,2025-12-30 21:32:47
FARTCOIN,decreased,-8007940.9,-8005662.9,2322623.178636,2322682.977177,1767126767173,2025-12-30 21:32:47
SPX,increased,-877197.6,-878237.7,422326.78452,422669.457879,1767126767173,2025-12-30 21:32:47
IP,decreased,-332864.6,-332844.6,509782.1349,509618.36706,1767126767173,2025-12-30 21:32:47
PAXG,decreased,-22.624,-22.465,98839.7312,98181.036,1767126767173,2025-12-30 21:32:47
WLFI,decreased,-1865259.0,-1864589.0,267142.39398,266822.6859,1767126767173,2025-12-30 21:32:47
AVNT,decreased,-239163.0,-239001.0,90556.67832,90648.29928,1767126767173,2025-12-30 21:32:47
STBL,decreased,-3581729.0,-3570347.0,197843.964773,197440.1891,1767126767173,2025-12-30 21:32:47
2Z,increased,36484.0,36640.0,4457.61512,4479.6064,1767126767173,2025-12-30 21:32:47
ZEC,decreased,-2713.61,-2712.91,1447222.4852,1445981.03,1767126767173,2025-12-30 21:32:47
MON,increased,-38247041.0,-38254356.0,837227.72749,837502.615908,1767126767173,2025-12-30 21:32:47
ETH,decreased,-7935.6379,-7935.4306,23549005.46825,23539661.33184,1767126830887,2025-12-30 21:33:50
DOGE,decreased,-11374265.0,-11374151.0,1395394.8302,1394698.39562,1767126830887,2025-12-30 21:33:50
SUI,increased,-503792.8,-504493.9,719013.08416,720316.39042,1767126830887,2025-12-30 21:33:50
AAVE,increased,-3701.58,-3708.24,555125.9526,556013.5056,1767126830887,2025-12-30 21:33:50
SEI,increased,-1349735.0,-1351958.0,151926.1716,152189.91206,1767126830887,2025-12-30 21:33:50
TON,increased,-155138.4,-155407.5,252704.93976,253205.43975,1767126830887,2025-12-30 21:33:50
PYTH,increased,-717537.0,-718117.0,42056.278644,42110.38088,1767126830887,2025-12-30 21:33:50
JUP,increased,508711.0,512800.0,95932.72038,96657.672,1767126830887,2025-12-30 21:33:50
ENA,decreased,-6047183.0,-6046536.0,1228303.81096,1228111.92696,1767126830887,2025-12-30 21:33:50
POPCAT,increased,-719164.0,-735287.0,56166.7084,57407.532525,1767126830887,2025-12-30 21:33:50
VIRTUAL,increased,-851530.0,-852296.7,577124.4575,577524.766887,1767126830887,2025-12-30 21:33:50
PENGU,decreased,-27392738.0,-27390923.0,245219.790576,245176.151773,1767126830887,2025-12-30 21:33:50
TRUMP,increased,-3477.6,-3481.4,17094.49056,17112.47356,1767126830887,2025-12-30 21:33:50
PAXG,increased,-22.465,-22.694,98181.036,99184.127,1767126830887,2025-12-30 21:33:50
ZORA,increased,-6790425.0,-6791397.0,263400.58575,263458.663821,1767126830887,2025-12-30 21:33:50
XPL,increased,-15061697.0,-15079685.0,2286064.37066,2291961.32315,1767126830887,2025-12-30 21:33:50
WLFI,decreased,-1864589.0,-1861092.0,266822.6859,266340.87612,1767126830887,2025-12-30 21:33:50
ZEC,decreased,-2712.91,-2712.21,1445981.03,1444794.267,1767126830887,2025-12-30 21:33:50
MON,increased,-38254356.0,-38256433.0,837502.615908,837854.139133,1767126830887,2025-12-30 21:33:50
MET,increased,-153435.0,-158464.0,38857.41375,40137.34656,1767126830887,2025-12-30 21:33:50
