coin,size,entry_price,position_value,unrealized_pnl,leverage,margin_used,timestamp,human_time
BTC,9e-05,112550.0,10.63062,0.50112,40.0,0.265765,1754806359514,2025-08-10 08:12:39
BTC,-282.42431,87819.3,25200438.75699,-398126.143155,20.0,1260021.937849,1766975469461,2025-12-29 03:31:09
BTC,-281.53667,87819.3,25100683.35052,-376322.683423,20.0,1255034.167526,1766975530826,2025-12-29 03:32:10
BTC,-274.80057,87819.8,24480883.57902,-347940.989813,20.0,1224044.178951,1766976363864,2025-12-29 03:46:03
BTC,-274.77858,87819.8,24483595.81374,-352584.382855,20.0,1224179.790687,1766976425315,2025-12-29 03:47:05
BTC,-107.93474,87526.8,9513907.6573,-66717.47752,20.0,475695.382865,1767106042548,2025-12-30 15:47:22
BTC,-108.02649,87527.4,9523291.27893,-68011.0429,20.0,476164.563946,1767106071954,2025-12-30 15:47:51
BTC,-108.24975,87531.3,9561159.16875,-85908.370811,20.0,478057.958437,1767106210272,2025-12-30 15:50:10
BTC,-111.1733,87555.6,9827830.8933,-93976.848724,20.0,491391.544665,1767106240998,2025-12-30 15:50:40
BTC,-140.29243,87807.3,12454179.88839,-135472.433578,20.0,622708.994419,1767106374781,2025-12-30 15:52:54
BTC,-146.8104,87869.6,13038965.676,-138793.069199,20.0,651948.2838,1767106404391,2025-12-30 15:53:24
BTC,-146.75395,87869.6,13028815.681,-133603.31369,20.0,651440.78405,1767106434601,2025-12-30 15:53:54
BTC,-132.89887,87888.8,11792382.53284,-112059.753263,20.0,589619.126642,1767106874950,2025-12-30 16:01:14
BTC,-131.63487,87889.5,11682331.44276,-113005.584576,20.0,584116.572138,1767106935140,2025-12-30 16:02:15
BTC,-131.31946,87890.9,11611923.2505,-70125.791923,20.0,580596.162525,1767107016701,2025-12-30 16:03:36
BTC,-130.57578,87896.1,11533105.7685,-55993.17139,20.0,576655.288425,1767107096986,2025-12-30 16:04:56
BTC,-131.4055,87899.7,11608756.0865,-58242.657273,20.0,580437.804325,1767107181389,2025-12-30 16:06:21
BTC,-129.51881,87900.2,11427574.12511,-42832.056699,20.0,571378.706255,1767107242568,2025-12-30 16:07:22
BTC,-129.91149,87901.6,11478459.61044,-59031.582295,20.0,573922.980522,1767107302686,2025-12-30 16:08:22
BTC,-130.19999,87902.4,11498742.31684,-53841.163425,20.0,574937.115842,1767107361621,2025-12-30 16:09:21
BTC,-130.43793,87903.3,11513886.51903,-47958.765935,20.0,575694.325951,1767107423977,2025-12-30 16:10:23
BTC,-132.00162,87908.3,11667359.18856,-63318.065735,20.0,583367.959428,1767107485588,2025-12-30 16:11:25
BTC,-132.01972,87910.5,11666978.71556,-61053.818132,20.0,583348.935778,1767107546434,2025-12-30 16:12:26
BTC,-131.99534,87910.5,11663900.21444,-60118.575983,20.0,583195.010722,1767107605874,2025-12-30 16:13:25
BTC,-132.00336,87910.5,11657084.71824,-52594.721303,20.0,582854.235912,1767107667665,2025-12-30 16:14:27
BTC,-132.06033,87910.7,11671491.9654,-61968.327143,20.0,583574.59827,1767107729996,2025-12-30 16:15:29
BTC,-131.60786,87910.7,11625317.09738,-55570.439545,20.0,581265.854869,1767107818709,2025-12-30 16:16:58
BTC,-131.40302,87910.7,11601966.84486,-50227.826582,20.0,580098.342243,1767107892819,2025-12-30 16:18:12
BTC,-130.6825,87910.7,11529332.88,-40935.320677,20.0,576466.644,1767107956842,2025-12-30 16:19:16
BTC,-130.35895,87910.7,11504698.7733,-44744.739553,20.0,575234.938665,1767108021421,2025-12-30 16:20:21
BTC,-127.20335,87910.7,11225695.6375,-43152.789944,20.0,561284.781875,1767108082262,2025-12-30 16:21:22
BTC,-127.10863,87910.7,11222039.61681,-47823.676201,20.0,561101.98084,1767108145081,2025-12-30 16:22:25
BTC,4.31826,88264.3,380365.29558,-783.12437,20.0,19018.264779,1767122132746,2025-12-30 20:15:32
BTC,4.07663,88261.4,358877.96879,-931.263931,20.0,17943.898439,1767122272895,2025-12-30 20:17:52
BTC,4.60924,88234.7,405815.92656,-879.308463,20.0,20290.796328,1767122369341,2025-12-30 20:19:29
BTC,-5.30564,88195.6,467723.99984,210.59404,20.0,23386.199992,1767122431511,2025-12-30 20:20:31
BTC,-5.44399,88195.2,480105.4781,28.48858,20.0,24005.273905,1767122525806,2025-12-30 20:22:05
BTC,-7.93928,88198.2,700419.16016,-188.54306,20.0,35020.958008,1767122587571,2025-12-30 20:23:07
BTC,-8.06319,88198.8,711173.358,-9.296796,20.0,35558.6679,1767122659091,2025-12-30 20:24:19
BTC,-8.52402,88198.3,751741.84782,62.870904,20.0,37587.092391,1767122719176,2025-12-30 20:25:19
BTC,-10.55421,88203.6,931229.61093,-309.904966,20.0,46561.480546,1767122783006,2025-12-30 20:26:23
BTC,-12.2765,88215.7,1083609.8255,-628.932246,20.0,54180.491275,1767122842970,2025-12-30 20:27:22
BTC,-12.29036,88215.8,1084710.30252,-506.179066,20.0,54235.515126,1767122903422,2025-12-30 20:28:23
BTC,-13.57284,88226.3,1198929.67572,-1447.323106,20.0,59946.483786,1767122966378,2025-12-30 20:29:26
BTC,-15.15281,88241.9,1339205.3478,-2091.237166,20.0,66960.26739,1767123041819,2025-12-30 20:30:41
BTC,-15.19273,88242.3,1341715.56449,-1074.073256,20.0,67085.778224,1767123116039,2025-12-30 20:31:56
BTC,-31.86559,88202.2,2807422.21018,3195.891834,20.0,140371.110509,1767126371861,2025-12-30 21:26:11
BTC,-38.34238,88179.2,3374972.97236,6031.132134,20.0,168748.648618,1767126642412,2025-12-30 21:30:42
BTC,-46.14466,88164.7,4065667.55862,2666.040394,20.0,203283.377931,1767126705455,2025-12-30 21:31:45
BTC,-47.53328,88163.0,4187919.6344,2758.329714,20.0,209395.98172,1767126767173,2025-12-30 21:32:47
LTC,7376.85,122.0042,899090.478,-916.8938,10.0,89909.0478,1754806359514,2025-08-10 08:12:39
LTC,5303.77,120.3706,597575.7659,-40842.585549,10.0,59757.57659,1756406782785,2025-08-28 20:46:22
LTC,-3199.53,78.7715,253517.95908,-1486.011236,10.0,25351.795908,1766975469461,2025-12-29 03:31:09
LTC,-3242.56,78.7782,256813.99456,-1370.952536,10.0,25681.399456,1766975530826,2025-12-29 03:32:10
LTC,-3242.99,78.788,256092.43432,-583.475624,10.0,25609.243432,1766976363864,2025-12-29 03:46:03
LTC,-3952.55,78.7746,309405.614,1955.157398,10.0,30940.5614,1767106042548,2025-12-30 15:47:22
LTC,-3952.79,78.7746,310155.66735,1223.971168,10.0,31015.566735,1767106874950,2025-12-30 16:01:14
LTC,-3953.27,78.7745,309402.67655,2014.575488,10.0,30940.267655,1767107016701,2025-12-30 16:03:36
LTC,-3953.63,78.7745,309320.15031,2125.269568,10.0,30932.015031,1767107485588,2025-12-30 16:11:25
LTC,-3953.84,78.7745,309016.31904,2445.514018,10.0,30901.631904,1767107605874,2025-12-30 16:13:25
LTC,-3954.22,78.7744,308753.40604,2738.129338,10.0,30875.340604,1767107956842,2025-12-30 16:19:16
LTC,-4385.55,78.7304,341621.18835,3655.081466,10.0,34162.118835,1767122132746,2025-12-30 20:15:32
LTC,-4385.41,78.7304,341930.4177,3334.829854,10.0,34193.04177,1767122525806,2025-12-30 20:22:05
LTC,-4387.8,78.73,342257.1756,3194.508684,10.0,34225.71756,1767122719176,2025-12-30 20:25:19
LTC,-4346.77,78.7295,339243.66465,2975.652625,10.0,33924.366465,1767126371861,2025-12-30 21:26:11
LTC,-4347.16,78.7294,338926.3294,3323.402025,10.0,33892.63294,1767126642412,2025-12-30 21:30:42
HYPE,77954.56,39.4299,3410512.0,336764.78411,10.0,341051.2,1754806359514,2025-08-10 08:12:39
HYPE,95810.47,44.7988,4510469.49619,218270.415011,10.0,451046.949619,1756406782785,2025-08-28 20:46:22
HYPE,-750658.58,26.0538,19625217.91552,-67672.553542,3.0,6541739.305173,1766975469461,2025-12-29 03:31:09
HYPE,-750723.65,26.0538,19601394.5015,-42148.615462,3.0,6533798.167166,1766975530826,2025-12-29 03:32:10
HYPE,-752467.16,26.054,19625848.46712,-21018.844422,3.0,6541949.48904,1766976363864,2025-12-29 03:46:03
HYPE,-729016.68,26.0527,18646788.64104,346081.383658,3.0,6215596.21368,1767106042548,2025-12-30 15:47:22
HYPE,-728958.01,26.0527,18656222.34993,335119.161477,3.0,6218740.78331,1767106071954,2025-12-30 15:47:51
HYPE,-729018.28,26.0526,18684738.5164,308119.6383,3.0,6228246.172133,1767106210272,2025-12-30 15:50:10
HYPE,-729015.11,26.0526,18715275.90392,277499.663877,3.0,6238425.301306,1767106240998,2025-12-30 15:50:40
HYPE,-728939.71,26.0525,18775300.11047,215470.739231,3.0,6258433.370156,1767106374781,2025-12-30 15:52:54
HYPE,-729353.22,26.0523,18721767.80418,279619.715755,3.0,6240589.26806,1767106874950,2025-12-30 16:01:14
HYPE,-729185.23,26.0523,18654016.55386,342994.426694,3.0,6218005.517953,1767107016701,2025-12-30 16:03:36
HYPE,-729126.55,26.0523,18632828.98525,362653.241623,3.0,6210942.995083,1767107096986,2025-12-30 16:04:56
HYPE,-729067.4,26.0523,18645169.6876,348771.540972,3.0,6215056.562533,1767107181389,2025-12-30 16:06:21
HYPE,-729126.03,26.0523,18653960.35152,341481.336012,3.0,6217986.78384,1767107242568,2025-12-30 16:07:22
HYPE,-729206.32,26.0522,18675703.06152,321794.331852,3.0,6225234.35384,1767107302686,2025-12-30 16:08:22
HYPE,-729209.52,26.0522,18702036.55944,295533.540884,3.0,6234012.18648,1767107546434,2025-12-30 16:12:26
HYPE,-729150.89,26.0522,18666262.784,329779.871187,3.0,6222087.594666,1767107818709,2025-12-30 16:16:58
HYPE,-729172.34,26.0522,18677749.4891,318824.826796,3.0,6225916.496366,1767107892819,2025-12-30 16:18:12
HYPE,-729140.08,26.0522,18675464.86904,320241.843843,3.0,6225154.956346,1767107956842,2025-12-30 16:19:16
HYPE,-729214.18,26.0521,18684654.93414,312949.676843,3.0,6228218.31138,1767108021421,2025-12-30 16:20:21
HYPE,-729245.25,26.0521,18678887.8335,319512.759813,3.0,6226295.9445,1767108082262,2025-12-30 16:21:22
HYPE,-734269.67,26.0476,18823737.26012,302245.605695,3.0,6274579.086706,1767122132746,2025-12-30 20:15:32
HYPE,-734330.06,26.0475,18814270.46726,313260.303935,3.0,6271423.489086,1767122272895,2025-12-30 20:17:52
HYPE,-734505.34,26.0475,18857690.09916,274342.095925,3.0,6285896.69972,1767122431511,2025-12-30 20:20:31
HYPE,-734505.29,26.0474,18849609.25727,282400.401113,3.0,6283203.085756,1767122525806,2025-12-30 20:22:05
HYPE,-734563.71,26.0474,18865065.20022,268444.975863,3.0,6288355.06674,1767122587571,2025-12-30 20:23:07
HYPE,-734631.6,26.0474,18886643.8044,248611.072553,3.0,6295547.9348,1767122783006,2025-12-30 20:26:23
HYPE,-734640.05,26.0474,18896411.3661,239061.073003,3.0,6298803.7887,1767123116039,2025-12-30 20:31:56
HYPE,-734230.75,26.0469,18946090.273,178412.072064,3.0,6315363.424333,1767126371861,2025-12-30 21:26:11
HYPE,-734172.63,26.0469,18946793.06241,176195.431488,3.0,6315597.68747,1767126502693,2025-12-30 21:28:22
HYPE,-734130.5,26.0469,18955983.6405,165907.49363,3.0,6318661.2135,1767126565179,2025-12-30 21:29:25
HYPE,-734072.39,26.0469,18947142.45829,173235.085144,3.0,6315714.152763,1767126642412,2025-12-30 21:30:42
HYPE,-734063.3,26.0469,18968195.672,151945.104278,3.0,6322731.890666,1767126767173,2025-12-30 21:32:47
ETH,0.5755,4478.18,2581.29015,4.093171,25.0,103.251606,1756406782785,2025-08-28 20:46:22
ETH,-3474.8332,2964.25,10447433.49912,-147141.990091,15.0,696495.566608,1766975469461,2025-12-29 03:31:09
ETH,-3289.7836,2964.25,9882509.9344,-130752.617939,15.0,658833.995626,1766975530826,2025-12-29 03:32:10
ETH,-3254.2176,2964.88,9764605.33056,-116210.996698,15.0,650973.688704,1766976363864,2025-12-29 03:46:03
ETH,-9935.8722,2943.1,29558226.20778,-315917.330943,15.0,1970548.413852,1767106042548,2025-12-30 15:47:22
ETH,-9940.92,2943.12,29572248.816,-314912.185618,15.0,1971483.2544,1767106071954,2025-12-30 15:47:51
ETH,-9958.0174,2943.21,29699786.8955,-391245.464314,15.0,1979985.793033,1767106210272,2025-12-30 15:50:10
ETH,-9958.1446,2943.21,29730040.7033,-421119.529234,15.0,1982002.713553,1767106240998,2025-12-30 15:50:40
ETH,-9963.2757,2943.26,29884845.46215,-560303.931606,15.0,1992323.03081,1767106374781,2025-12-30 15:52:54
ETH,-10028.4681,2943.69,30107466.92982,-586743.741688,15.0,2007164.461988,1767106404391,2025-12-30 15:53:24
ETH,-9886.0431,2943.69,29643300.23535,-541832.406883,15.0,1976220.01569,1767106434601,2025-12-30 15:53:54
ETH,-8725.2398,2943.69,26099809.81374,-415389.589546,15.0,1739987.320916,1767106874950,2025-12-30 16:01:14
ETH,-8720.4896,2943.69,26092576.93216,-422139.834592,15.0,1739505.12881,1767106935140,2025-12-30 16:02:15
ETH,-8605.0049,2943.69,25654101.10837,-323615.419859,15.0,1710273.407224,1767107016701,2025-12-30 16:03:36
ETH,-8563.2871,2943.69,25492049.36799,-284368.041391,15.0,1699469.957866,1767107096986,2025-12-30 16:04:56
ETH,-8630.3447,2943.98,25693399.20637,-285836.145716,15.0,1712893.280424,1767107181389,2025-12-30 16:06:21
ETH,-8535.8129,2943.98,25368435.9388,-239172.616256,15.0,1691229.062586,1767107242568,2025-12-30 16:07:22
ETH,-8530.1618,2943.98,25406233.90512,-293607.308528,15.0,1693748.927008,1767107302686,2025-12-30 16:08:22
ETH,-8227.1754,2943.98,24473378.66238,-252737.998239,15.0,1631558.577492,1767107423977,2025-12-30 16:10:23
ETH,-8393.8442,2944.72,25008619.40948,-291066.491963,15.0,1667241.293965,1767107485588,2025-12-30 16:11:25
ETH,-8502.2125,2945.18,25322989.71,-282379.136221,15.0,1688199.314,1767107546434,2025-12-30 16:12:26
ETH,-8496.2005,2945.18,25295737.74865,-272833.642545,15.0,1686382.516576,1767107605874,2025-12-30 16:13:25
ETH,-8496.4439,2945.18,25263326.29226,-239697.876435,15.0,1684221.752817,1767107667665,2025-12-30 16:14:27
ETH,-8596.0396,2945.55,25600725.13672,-280611.083045,15.0,1706715.009114,1767107729996,2025-12-30 16:15:29
ETH,-8611.2284,2945.61,25626154.59556,-260801.664605,15.0,1708410.30637,1767107818709,2025-12-30 16:16:58
ETH,-8613.1563,2945.62,25614665.52057,-243572.795065,15.0,1707644.368038,1767107892819,2025-12-30 16:18:12
ETH,-8604.1889,2945.62,25567347.31635,-222640.144023,15.0,1704489.82109,1767107956842,2025-12-30 16:19:16
ETH,-8603.8268,2945.62,25575735.54568,-232094.983882,15.0,1705049.036378,1767108021421,2025-12-30 16:20:21
ETH,-7610.3625,2954.26,22509930.2025,-26918.119618,15.0,1500662.0135,1767122132746,2025-12-30 20:15:32
ETH,-7610.7269,2954.26,22502636.22523,-18546.632608,15.0,1500175.748348,1767122369341,2025-12-30 20:19:29
ETH,-7634.7741,2954.3,22614964.36161,-59545.04929,15.0,1507664.290774,1767122431511,2025-12-30 20:20:31
ETH,-7700.6006,2954.37,22820729.8781,-70261.92019,15.0,1521381.991873,1767122525806,2025-12-30 20:22:05
ETH,-7778.1917,2954.49,23061560.57133,-80931.864759,15.0,1537437.371422,1767122587571,2025-12-30 20:23:07
ETH,-7780.2054,2954.49,23063640.88776,-77041.872849,15.0,1537576.059184,1767122659091,2025-12-30 20:24:19
ETH,-7780.3388,2954.49,23057812.06768,-70817.548449,15.0,1537187.471178,1767122719176,2025-12-30 20:25:19
ETH,-7787.3971,2954.5,23092747.36034,-84824.558289,15.0,1539516.490689,1767122783006,2025-12-30 20:26:23
ETH,-7801.2421,2954.53,23147845.55912,-98839.921129,15.0,1543189.703941,1767122842970,2025-12-30 20:27:22
ETH,-7816.9988,2954.55,23210232.83696,-114452.256059,15.0,1547348.855797,1767122966378,2025-12-30 20:29:26
ETH,-7845.8769,2954.61,23328145.78677,-146619.768799,15.0,1555209.719118,1767123041819,2025-12-30 20:30:41
ETH,-7852.4639,2954.62,23331240.73968,-130134.249329,15.0,1555416.049312,1767123116039,2025-12-30 20:31:56
ETH,-7930.3216,2954.81,23542745.73392,-110143.02939,15.0,1569516.382261,1767126371861,2025-12-30 21:26:11
ETH,-7930.6342,2954.81,23527812.48114,-94281.85843,15.0,1568520.832076,1767126502693,2025-12-30 21:28:22
ETH,-7935.6891,2954.81,23543602.42188,-95071.88891,15.0,1569573.494792,1767126565179,2025-12-30 21:29:25
ETH,-7935.6379,2954.81,23552973.2872,-104594.040999,15.0,1570198.219146,1767126705455,2025-12-30 21:31:45
ETH,-7935.4306,2954.81,23539661.33184,-91894.619765,15.0,1569310.755456,1767126830887,2025-12-30 21:33:50
PUMP,285423931.0,0.003153,923346.416785,23244.263471,5.0,184669.283357,1756406782785,2025-08-28 20:46:22
PUMP,-1297982679.0,0.001873,2481742.882248,-49323.442048,3.0,827247.627416,1766975469461,2025-12-29 03:31:09
PUMP,-1298397749.0,0.001874,2477342.905092,-44130.65932,3.0,825780.968364,1766975530826,2025-12-29 03:32:10
PUMP,-1302516621.0,0.001874,2487806.74611,-46744.607321,3.0,829268.91537,1766976363864,2025-12-29 03:46:03
PUMP,-1302909642.0,0.001874,2488557.41622,-46744.607321,3.0,829519.13874,1766976425315,2025-12-29 03:47:05
PUMP,-974336359.0,0.001872,1737241.728097,87456.39632,3.0,579080.576032,1767106042548,2025-12-30 15:47:22
PUMP,-974195809.0,0.001872,1735042.735829,89392.172175,3.0,578347.578609,1767106071954,2025-12-30 15:47:51
PUMP,-974055180.0,0.001872,1733818.2204,90353.323243,3.0,577939.4068,1767106210272,2025-12-30 15:50:10
PUMP,-973385091.0,0.001872,1736519.002344,86397.625446,3.0,578839.667448,1767106240998,2025-12-30 15:50:40
PUMP,-962152452.0,0.001872,1724177.193984,77702.549856,3.0,574725.731328,1767106374781,2025-12-30 15:52:54
PUMP,-960946055.0,0.001872,1723937.22267,75683.230224,3.0,574645.74089,1767106404391,2025-12-30 15:53:24
PUMP,-958257664.0,0.001872,1715281.21856,79304.525663,3.0,571760.406186,1767106434601,2025-12-30 15:53:54
PUMP,-946558532.0,0.001872,1697179.447876,75496.640587,3.0,565726.482625,1767106874950,2025-12-30 16:01:14
PUMP,-944204494.0,0.001872,1692958.657742,75308.884661,3.0,564319.55258,1767106935140,2025-12-30 16:02:15
PUMP,-942805016.0,0.001872,1682906.95356,82739.703698,3.0,560968.98452,1767107016701,2025-12-30 16:03:36
PUMP,-938109240.0,0.001872,1669834.4472,87018.152888,3.0,556611.4824,1767107096986,2025-12-30 16:04:56
PUMP,-935289481.0,0.001872,1663879.986699,87691.8841,3.0,554626.662233,1767107181389,2025-12-30 16:06:21
PUMP,-933037903.0,0.001872,1658941.391534,88413.816105,3.0,552980.463844,1767107242568,2025-12-30 16:07:22
PUMP,-931914089.0,0.001872,1662534.734776,82715.839983,3.0,554178.244925,1767107302686,2025-12-30 16:08:22
PUMP,-929554249.0,0.001872,1655536.117469,85295.045486,3.0,551845.372489,1767107361621,2025-12-30 16:09:21
PUMP,-927586610.0,0.001872,1651104.1658,86042.083335,3.0,550368.055266,1767107423977,2025-12-30 16:10:23
PUMP,-927165911.0,0.001872,1655918.317046,80440.064215,3.0,551972.772348,1767107485588,2025-12-30 16:11:25
PUMP,-926465192.0,0.001872,1654666.832912,80379.270474,3.0,551555.61097,1767107546434,2025-12-30 16:12:26
PUMP,-925774034.0,0.001872,1654358.198758,79393.532204,3.0,551452.732919,1767107605874,2025-12-30 16:13:25
PUMP,-925015331.0,0.001872,1649302.335173,83028.527849,3.0,549767.445057,1767107667665,2025-12-30 16:14:27
PUMP,-924552413.0,0.001872,1651250.609618,80213.319513,3.0,550416.869872,1767107729996,2025-12-30 16:15:29
PUMP,-923620243.0,0.001872,1648662.133755,81056.065536,3.0,549554.044585,1767107818709,2025-12-30 16:16:58
PUMP,-922919602.0,0.001872,1649257.328774,79148.738718,3.0,549752.442924,1767107892819,2025-12-30 16:18:12
PUMP,-922022534.0,0.001872,1645810.22319,80915.852053,3.0,548603.40773,1767107956842,2025-12-30 16:19:16
PUMP,-920725398.0,0.001872,1644415.560828,79881.291183,3.0,548138.520276,1767108021421,2025-12-30 16:20:21
PUMP,-920585113.0,0.001872,1642323.841592,81710.290411,3.0,547441.28053,1767108082262,2025-12-30 16:21:22
PUMP,-919883703.0,0.001872,1641992.409855,80728.150199,3.0,547330.803285,1767108145081,2025-12-30 16:22:25
PUMP,-901921928.0,0.001872,1609930.64148,78785.805802,3.0,536643.54716,1767122132746,2025-12-30 20:15:32
PUMP,-901897021.0,0.001872,1612591.873548,76077.939031,3.0,537530.624516,1767122783006,2025-12-30 20:26:23
PUMP,-901757298.0,0.001872,1618654.34991,69753.851856,3.0,539551.44997,1767123041819,2025-12-30 20:30:41
PUMP,-900946275.0,0.001872,1619901.40245,66988.27776,3.0,539967.13415,1767126371861,2025-12-30 21:26:11
ATOM,-3.63,4.1899,7.573995,7.635704,5.0,1.514799,1766975469461,2025-12-29 03:31:09
SOL,-70262.83,122.927,9053365.6455,-416164.882326,20.0,452668.282275,1766975469461,2025-12-29 03:31:09
SOL,-69455.28,122.927,8941672.7472,-403741.704273,20.0,447083.63736,1766975530826,2025-12-29 03:32:10
SOL,-64938.42,122.927,8368614.1854,-385927.311369,20.0,418430.70927,1766976363864,2025-12-29 03:46:03
SOL,-64790.97,122.927,8356739.3106,-392178.026623,20.0,417836.96553,1766976425315,2025-12-29 03:47:05
SOL,-106946.01,123.5357,13295527.9632,-83876.319661,20.0,664776.39816,1767106042548,2025-12-30 15:47:22
SOL,-107038.99,123.5363,13306016.8469,-82805.553361,20.0,665300.842345,1767106071954,2025-12-30 15:47:51
SOL,-107245.94,123.5379,13358554.2864,-109615.591461,20.0,667927.71432,1767106210272,2025-12-30 15:50:10
SOL,-107371.92,123.5391,13376393.7936,-111755.977661,20.0,668819.68968,1767106240998,2025-12-30 15:50:40
SOL,-107605.29,123.5422,13451737.3029,-157937.618592,20.0,672586.865145,1767106374781,2025-12-30 15:52:54
SOL,-107909.58,123.547,13512437.6076,-180526.50692,20.0,675621.88038,1767106404391,2025-12-30 15:53:24
SOL,-107951.8,123.5477,13503690.662,-166492.37042,20.0,675184.5331,1767106434601,2025-12-30 15:53:54
SOL,-106308.13,123.5516,13264065.3801,-129524.694189,20.0,663203.269005,1767106874950,2025-12-30 16:01:14
SOL,-106088.39,123.5517,13248318.1432,-140907.891096,20.0,662415.90716,1767106935140,2025-12-30 16:02:15
SOL,-106024.16,123.5517,13187285.0208,-87810.50003,20.0,659364.25104,1767107016701,2025-12-30 16:03:36
SOL,-106048.34,123.5523,13164840.9276,-62320.098997,20.0,658242.04638,1767107096986,2025-12-30 16:04:56
SOL,-106144.88,123.5529,13189562.7888,-75044.451897,20.0,659478.13944,1767107181389,2025-12-30 16:06:21
SOL,-106132.48,123.5531,13180592.6912,-67594.702668,20.0,659029.63456,1767107242568,2025-12-30 16:07:22
SOL,-106132.79,123.5531,13203980.4039,-90943.873068,20.0,660199.020195,1767107302686,2025-12-30 16:08:22
SOL,-106142.69,123.5531,13205212.0629,-90944.285868,20.0,660260.603145,1767107361621,2025-12-30 16:09:21
SOL,-106147.64,123.5532,13194151.652,-79267.857968,20.0,659707.5826,1767107423977,2025-12-30 16:10:23
SOL,-106162.54,123.5533,13203435.0998,-86698.043768,20.0,660171.75499,1767107546434,2025-12-30 16:12:26
SOL,-106204.29,123.5536,13189510.7751,-67585.038268,20.0,659475.538755,1767107667665,2025-12-30 16:14:27
SOL,-106221.94,123.5537,13202324.9226,-78205.207268,20.0,660116.24613,1767107729996,2025-12-30 16:15:29
SOL,-106218.73,123.5537,13204050.3263,-80323.042516,20.0,660202.516315,1767107818709,2025-12-30 16:16:58
SOL,-106170.73,123.5537,13191713.2025,-73916.280882,20.0,659585.660125,1767107892819,2025-12-30 16:18:12
SOL,-106178.66,123.5538,13185265.9988,-66484.477082,20.0,659263.29994,1767107956842,2025-12-30 16:19:16
SOL,-106148.85,123.5538,13193240.5665,-78142.184852,20.0,659662.028325,1767108021421,2025-12-30 16:20:21
SOL,-106140.9,123.5538,13189068.234,-74949.624396,20.0,659453.4117,1767108082262,2025-12-30 16:21:22
SOL,-106138.48,123.5538,13196197.2184,-82377.609154,20.0,659809.86092,1767108145081,2025-12-30 16:22:25
SOL,-106762.5,123.627,13247091.0,-48353.498788,20.0,662354.55,1767122132746,2025-12-30 20:15:32
SOL,-106784.0,123.6271,13240148.16,-38742.455088,20.0,662007.408,1767122272895,2025-12-30 20:17:52
SOL,-107010.66,123.628,13269321.84,-39805.794488,20.0,663466.092,1767122369341,2025-12-30 20:19:29
SOL,-107309.45,123.6292,13327833.69,-61251.000688,20.0,666391.6845,1767122431511,2025-12-30 20:20:31
SOL,-107330.17,123.6293,13336846.9242,-67690.746988,20.0,666842.34621,1767122525806,2025-12-30 20:22:05
SOL,-107383.28,123.6296,13344520.2056,-68760.862088,20.0,667226.01028,1767122659091,2025-12-30 20:24:19
SOL,-107399.37,123.6297,13360481.628,-82720.849388,20.0,668024.0814,1767122842970,2025-12-30 20:27:22
SOL,-107442.57,123.6301,13380897.6678,-97759.057088,20.0,669044.88339,1767123041819,2025-12-30 20:30:41
SOL,-107814.22,123.6333,13430417.3854,-100988.478988,20.0,671520.86927,1767123116039,2025-12-30 20:31:56
SOL,-109787.76,123.6508,13680652.7736,-105300.059397,20.0,684032.63868,1767126371861,2025-12-30 21:26:11
SOL,-109797.47,123.6509,13668687.0403,-92124.356097,20.0,683434.352015,1767126502693,2025-12-30 21:28:22
SOL,-109939.23,123.6519,13677539.6043,-83337.753097,20.0,683876.980215,1767126642412,2025-12-30 21:30:42
SOL,-109955.32,123.652,13686138.6804,-89935.072297,20.0,684306.93402,1767126705455,2025-12-30 21:31:45
AVAX,-16268.14,12.4962,209370.9618,-6080.240848,10.0,20937.09618,1766975469461,2025-12-29 03:31:09
AVAX,-12504.68,12.5265,156421.04212,220.058816,10.0,15642.104212,1767106042548,2025-12-30 15:47:22
AVAX,-12568.73,12.5268,158051.77975,-605.634364,10.0,15805.177975,1767106404391,2025-12-30 15:53:24
AVAX,-13123.32,12.5301,163647.8004,789.235043,10.0,16364.78004,1767122132746,2025-12-30 20:15:32
AVAX,-13118.88,12.5301,163802.33568,579.065941,10.0,16380.233568,1767122525806,2025-12-30 20:22:05
AVAX,-13125.87,12.5301,164217.75957,251.135881,10.0,16421.775957,1767123116039,2025-12-30 20:31:56
AVAX,-13216.71,12.5295,164852.02383,747.632805,10.0,16485.202383,1767126371861,2025-12-30 21:26:11
BNB,-832.24,853.405,722134.648,-11896.396491,5.0,144426.9296,1766975469461,2025-12-29 03:31:09
BNB,-831.465,853.405,720838.58175,-11261.719558,5.0,144167.71635,1766975530826,2025-12-29 03:32:10
BNB,-827.209,853.405,715957.66159,-10012.893509,5.0,143191.532318,1766976363864,2025-12-29 03:46:03
BNB,-983.293,853.876,844629.02114,-5018.412136,5.0,168925.804228,1767106042548,2025-12-30 15:47:22
BNB,-987.219,853.904,852019.35795,-9029.018226,5.0,170403.87159,1767106374781,2025-12-30 15:52:54
BNB,-991.026,853.937,852976.0782,-6701.540686,5.0,170595.21564,1767106874950,2025-12-30 16:01:14
BNB,-992.158,853.943,851648.58404,-4402.116986,5.0,170329.716808,1767107181389,2025-12-30 16:06:21
BNB,-992.84,853.946,852521.9228,-4689.590466,5.0,170504.38456,1767107423977,2025-12-30 16:10:23
BNB,-992.874,853.946,853692.92268,-5831.365646,5.0,170738.584536,1767107546434,2025-12-30 16:12:26
BNB,-993.556,853.95,853822.28416,-5374.391266,5.0,170764.456832,1767107605874,2025-12-30 16:13:25
BNB,-994.122,853.953,854646.6834,-5712.500286,5.0,170929.33668,1767107729996,2025-12-30 16:15:29
BNB,-994.173,853.954,855068.31384,-6090.261546,5.0,171013.662768,1767108082262,2025-12-30 16:21:22
BNB,-1027.331,854.202,881367.81152,-3819.174276,5.0,176273.562304,1767122132746,2025-12-30 20:15:32
BNB,-1026.164,854.202,880192.171,-3640.387993,5.0,176038.4342,1767122272895,2025-12-30 20:17:52
BNB,-1024.998,854.202,879858.2832,-4302.500228,5.0,175971.65664,1767122525806,2025-12-30 20:22:05
BNB,-1029.67,854.225,884465.9366,-4896.054678,5.0,176893.18732,1767126371861,2025-12-30 21:26:11
BNB,-1026.174,854.225,881575.82166,-4992.310428,5.0,176315.164332,1767126705455,2025-12-30 21:31:45
ARB,228969.7,0.19307,45171.142416,963.501852,10.0,4517.114241,1766975469461,2025-12-29 03:31:09
ARB,229689.0,0.19308,45191.31075,842.083174,10.0,4519.131075,1766976363864,2025-12-29 03:46:03
ARB,229851.8,0.19308,45110.714268,729.551844,10.0,4511.071426,1766976425315,2025-12-29 03:47:05
ARB,463750.7,0.19265,89401.859946,59.142053,10.0,8940.185994,1767106042548,2025-12-30 15:47:22
ARB,466598.1,0.19265,90734.666526,841.517739,10.0,9073.466652,1767106374781,2025-12-30 15:52:54
ARB,476969.8,0.19268,92393.819958,486.519445,10.0,9239.381995,1767106874950,2025-12-30 16:01:14
ARB,482146.9,0.19269,92991.672603,83.224492,10.0,9299.16726,1767107016701,2025-12-30 16:03:36
ARB,482625.1,0.19269,92890.852997,-109.59123,10.0,9289.085299,1767107361621,2025-12-30 16:09:21
ARB,509645.3,0.19272,97393.21683,-827.359114,10.0,9739.321683,1767122132746,2025-12-30 20:15:32
ARB,510888.2,0.19271,97630.73502,-827.033402,10.0,9763.073502,1767126371861,2025-12-30 21:26:11
DOGE,-9960702.0,0.12333,1259929.19598,-31469.340305,10.0,125992.919598,1766975469461,2025-12-29 03:31:09
DOGE,-9959036.0,0.123331,1256730.75284,-28471.051499,10.0,125673.075284,1766976363864,2025-12-29 03:46:03
DOGE,-9956058.0,0.123331,1256354.95902,-28462.537946,10.0,125635.495902,1766976425315,2025-12-29 03:47:05
DOGE,-12055322.0,0.123801,1492810.52326,-340.898326,10.0,149281.052326,1767106042548,2025-12-30 15:47:22
DOGE,-11998916.0,0.123801,1494584.97696,-9098.36293,10.0,149458.497696,1767106874950,2025-12-30 16:01:14
DOGE,-11998695.0,0.123801,1489038.0495,-3578.795654,10.0,148903.80495,1767107016701,2025-12-30 16:03:36
DOGE,-11981821.0,0.123801,1485506.16758,-2135.944204,10.0,148550.616758,1767107096986,2025-12-30 16:04:56
DOGE,-11951574.0,0.123801,1484146.45932,-4520.867011,10.0,148414.645932,1767107302686,2025-12-30 16:08:22
DOGE,-11960355.0,0.123801,1485595.69455,-4880.116711,10.0,148559.569455,1767107485588,2025-12-30 16:11:25
DOGE,-11956521.0,0.123801,1484162.95173,-3922.030666,10.0,148416.295173,1767107892819,2025-12-30 16:18:12
DOGE,-11956393.0,0.123801,1483070.98772,-2845.913309,10.0,148307.098772,1767107956842,2025-12-30 16:19:16
DOGE,-11956142.0,0.123801,1483996.34504,-3802.344925,10.0,148399.634504,1767108082262,2025-12-30 16:21:22
DOGE,-12647214.0,0.123807,1554469.07274,11354.967919,10.0,155446.907274,1767122132746,2025-12-30 20:15:32
DOGE,-12647010.0,0.123807,1553432.2383,12366.545562,10.0,155343.22383,1767122272895,2025-12-30 20:17:52
DOGE,-12646648.0,0.123807,1558952.29896,6801.666469,10.0,155895.229896,1767122903422,2025-12-30 20:28:23
DOGE,-12643381.0,0.123805,1555515.16443,9805.691436,10.0,155551.516443,1767126371861,2025-12-30 21:26:11
DOGE,-12043316.0,0.123805,1479039.63796,11989.834973,10.0,147903.963796,1767126502693,2025-12-30 21:28:22
DOGE,-11417817.0,0.123805,1401422.85858,12165.88609,10.0,140142.285858,1767126565179,2025-12-30 21:29:25
DOGE,-11417688.0,0.123805,1400950.3176,12622.456158,10.0,140095.03176,1767126642412,2025-12-30 21:30:42
DOGE,-11374265.0,0.123805,1395167.3449,13029.421862,10.0,139516.73449,1767126705455,2025-12-30 21:31:45
DOGE,-11374151.0,0.123805,1394698.39562,13484.257312,10.0,139469.839562,1767126830887,2025-12-30 21:33:50
INJ,-0.4,7.83,1.93188,1.20012,10.0,0.193188,1766975469461,2025-12-29 03:31:09
SUI,111247.2,1.45641,164512.35936,2490.317579,10.0,16451.235936,1766975469461,2025-12-29 03:31:09
SUI,111142.8,1.45652,164357.97264,2476.108398,10.0,16435.797264,1766976363864,2025-12-29 03:46:03
SUI,-476236.5,1.44163,684447.0978,2112.118427,10.0,68444.70978,1767106042548,2025-12-30 15:47:22
SUI,-474148.4,1.44163,682394.37728,1154.56086,10.0,68239.437728,1767106210272,2025-12-30 15:50:10
SUI,-473453.9,1.44163,682199.72451,347.998107,10.0,68219.972451,1767106240998,2025-12-30 15:50:40
SUI,-475535.1,1.44164,688051.73619,-2500.368253,10.0,68805.173619,1767106374781,2025-12-30 15:52:54
SUI,-476226.0,1.44165,689527.6254,-2975.005183,10.0,68952.76254,1767106404391,2025-12-30 15:53:24
SUI,-475559.8,1.44165,685852.34356,-258.940688,10.0,68585.234356,1767106874950,2025-12-30 16:01:14
SUI,-475213.0,1.44165,685732.359,-638.922257,10.0,68573.2359,1767106935140,2025-12-30 16:02:15
SUI,-475909.8,1.44164,683120.92692,2973.602383,10.0,68312.092692,1767107016701,2025-12-30 16:03:36
SUI,-476600.1,1.44163,683730.50346,3353.855621,10.0,68373.050346,1767107096986,2025-12-30 16:04:56
SUI,-476576.9,1.44163,683220.64384,3830.269261,10.0,68322.064384,1767107242568,2025-12-30 16:07:22
SUI,-476592.5,1.44163,683767.25975,3306.048711,10.0,68376.725975,1767107423977,2025-12-30 16:10:23
SUI,-475906.0,1.44163,682116.0698,3967.48473,10.0,68211.60698,1767107818709,2025-12-30 16:16:58
SUI,-494344.9,1.44154,706814.33802,5806.274522,10.0,70681.433802,1767122132746,2025-12-30 20:15:32
SUI,-495045.3,1.44152,708310.81524,5310.738942,10.0,70831.081524,1767122431511,2025-12-30 20:20:31
SUI,-497140.0,1.44149,712550.762,4073.684272,10.0,71255.0762,1767122842970,2025-12-30 20:27:22
SUI,-499535.6,1.4414,713536.65104,6498.603093,10.0,71353.665104,1767126371861,2025-12-30 21:26:11
SUI,-500252.7,1.44138,713960.65344,7098.547783,10.0,71396.065344,1767126502693,2025-12-30 21:28:22
SUI,-500851.2,1.44137,714814.83264,7098.787183,10.0,71481.483264,1767126565179,2025-12-30 21:29:25
SUI,-502851.4,1.44131,717367.80724,7401.165683,10.0,71736.780724,1767126642412,2025-12-30 21:30:42
SUI,-503348.4,1.4413,718529.841,6948.599423,10.0,71852.9841,1767126705455,2025-12-30 21:31:45
SUI,-503792.8,1.44129,719013.08416,7099.603943,10.0,71901.308416,1767126767173,2025-12-30 21:32:47
SUI,-504493.9,1.44127,720316.39042,6797.398373,10.0,72031.639042,1767126830887,2025-12-30 21:33:50
kPEPE,-127948694.0,0.004106,546980.66685,-21563.901048,10.0,54698.066685,1766975469461,2025-12-29 03:31:09
CRV,-123960.5,0.39353,49690.80603,-907.710746,10.0,4969.080603,1766975469461,2025-12-29 03:31:09
CRV,-123883.1,0.39353,49747.736467,-995.10098,10.0,4974.773646,1766976363864,2025-12-29 03:46:03
CRV,-123842.7,0.39353,49735.22832,-998.491745,10.0,4973.522832,1766976425315,2025-12-29 03:47:05
CRV,-303621.9,0.38453,114805.512828,1948.712512,10.0,11480.551282,1767106042548,2025-12-30 15:47:22
CRV,-304940.8,0.38451,116273.92704,980.926362,10.0,11627.392704,1767106374781,2025-12-30 15:52:54
CRV,-303880.7,0.38451,115577.985438,1269.241729,10.0,11557.798543,1767107016701,2025-12-30 16:03:36
CRV,-303205.5,0.38451,115339.3722,1248.229239,10.0,11533.93722,1767108021421,2025-12-30 16:20:21
CRV,-301105.2,0.38401,112778.95266,2849.548843,10.0,11277.895266,1767122132746,2025-12-30 20:15:32
CRV,-298482.8,0.38401,111748.975492,2872.488661,10.0,11174.897549,1767122272895,2025-12-30 20:17:52
CRV,-296927.5,0.38401,111157.7789,2866.428849,10.0,11115.77789,1767122369341,2025-12-30 20:19:29
CRV,-300918.4,0.38391,113211.520448,2314.10379,10.0,11321.152044,1767122587571,2025-12-30 20:23:07
CRV,-299589.9,0.38391,112786.609653,2228.989967,10.0,11278.660965,1767122659091,2025-12-30 20:24:19
CRV,-299638.3,0.3839,112933.67527,2100.168246,10.0,11293.367527,1767122903422,2025-12-30 20:28:23
CRV,-317911.5,0.38346,119467.962585,2439.19328,10.0,11946.796258,1767126371861,2025-12-30 21:26:11
CRV,-318072.9,0.38345,119525.434362,2442.375623,10.0,11952.543436,1767126705455,2025-12-30 21:31:45
CRV,-318021.9,0.38345,119398.142136,2550.111457,10.0,11939.814213,1767126767173,2025-12-30 21:32:47
LDO,-1044431.1,0.55409,630763.274223,-52045.847852,5.0,126152.654844,1766975469461,2025-12-29 03:31:09
LDO,-1045557.2,0.55414,629017.667092,-49622.297626,5.0,125803.533418,1766976363864,2025-12-29 03:46:03
LDO,-1084873.3,0.5567,637959.744065,-34008.010628,5.0,127591.948813,1767106042548,2025-12-30 15:47:22
LDO,-1084829.0,0.5567,643043.23804,-39116.166527,5.0,128608.647608,1767106374781,2025-12-30 15:52:54
LDO,-1085464.2,0.55672,640326.186222,-36023.635285,5.0,128065.237244,1767106874950,2025-12-30 16:01:14
LDO,-1085401.5,0.55672,637054.702395,-32787.057971,5.0,127410.940479,1767107729996,2025-12-30 16:15:29
LDO,-1085371.7,0.55672,636733.307805,-32482.253718,5.0,127346.661561,1767107956842,2025-12-30 16:19:16
LDO,-1084528.3,0.55672,636487.968704,-32706.454536,5.0,127297.59374,1767108021421,2025-12-30 16:20:21
LDO,-1084500.8,0.55672,636482.674512,-32716.470219,5.0,127296.534902,1767108145081,2025-12-30 16:22:25
LDO,-1091563.0,0.55694,639972.47127,-32027.951271,5.0,127994.494254,1767122132746,2025-12-30 20:15:32
LDO,-1092506.2,0.55697,639804.405906,-31305.649173,5.0,127960.881181,1767126371861,2025-12-30 21:26:11
LINK,-117361.0,12.39455,1495061.779,-40424.549091,10.0,149506.1779,1766975469461,2025-12-29 03:31:09
LINK,-117393.3,12.39464,1495121.0688,-40072.336891,10.0,149512.10688,1766975530826,2025-12-29 03:32:10
LINK,-117086.0,12.39469,1490621.866,-39376.557907,10.0,149062.1866,1766976363864,2025-12-29 03:46:03
LINK,-117714.7,12.39651,1499332.1339,-40080.645807,10.0,149933.21339,1766976425315,2025-12-29 03:47:05
LINK,-167144.7,12.45417,2089141.6053,-7491.78623,10.0,208914.16053,1767106042548,2025-12-30 15:47:22
LINK,-167151.5,12.45418,2101762.961,-20027.95833,10.0,210176.2961,1767106374781,2025-12-30 15:52:54
LINK,-167297.7,12.45433,2094065.3109,-10482.952702,10.0,209406.53109,1767106874950,2025-12-30 16:01:14
LINK,-167359.9,12.45436,2096350.1074,-11989.191802,10.0,209635.01074,1767106935140,2025-12-30 16:02:15
LINK,-167367.5,12.45436,2086570.6225,-2114.874102,10.0,208657.06225,1767107096986,2025-12-30 16:04:56
LINK,-167375.5,12.45436,2086168.232,-1612.715602,10.0,208616.8232,1767107181389,2025-12-30 16:06:21
LINK,-167433.0,12.45436,2085712.881,-440.914602,10.0,208571.2881,1767107361621,2025-12-30 16:09:21
LINK,-167591.8,12.45438,2089199.3788,-1946.706402,10.0,208919.93788,1767107818709,2025-12-30 16:16:58
LINK,-167590.4,12.45438,2088176.384,-941.14774,10.0,208817.6384,1767108082262,2025-12-30 16:21:22
LINK,-168538.0,12.45427,2086500.44,12518.368876,10.0,208650.044,1767122132746,2025-12-30 20:15:32
LINK,-167643.9,12.45427,2074593.2625,13289.760943,10.0,207459.32625,1767122272895,2025-12-30 20:17:52
LINK,-166756.0,12.45427,2066106.84,10718.033772,10.0,206610.684,1767122431511,2025-12-30 20:20:31
LINK,-166591.7,12.45427,2064737.5298,10041.106792,10.0,206473.75298,1767122525806,2025-12-30 20:22:05
LINK,-166590.9,12.45427,2066226.9327,8541.740472,10.0,206622.69327,1767122587571,2025-12-30 20:23:07
LINK,-166589.4,12.45427,2066041.7388,8708.252961,10.0,206604.17388,1767122659091,2025-12-30 20:24:19
LINK,-166267.0,12.45427,2064204.805,6529.928903,10.0,206420.4805,1767122903422,2025-12-30 20:28:23
LINK,-166265.6,12.45427,2064686.2208,6031.077119,10.0,206468.62208,1767122966378,2025-12-30 20:29:26
LINK,-166261.6,12.45427,2066797.9496,3869.531223,10.0,206679.79496,1767123041819,2025-12-30 20:30:41
LINK,-164731.7,12.45427,2041684.6898,9928.779173,10.0,204168.46898,1767126371861,2025-12-30 21:26:11
LINK,-164736.3,12.45427,2039600.1303,12070.346473,10.0,203960.01303,1767126502693,2025-12-30 21:28:22
LINK,-164713.4,12.45427,2039151.892,12233.381973,10.0,203915.1892,1767126565179,2025-12-30 21:29:25
LINK,-164712.1,12.45427,2039300.5101,12068.573321,10.0,203930.05101,1767126705455,2025-12-30 21:31:45
LINK,-164065.3,12.45427,2030800.2834,12513.377721,10.0,203080.02834,1767126767173,2025-12-30 21:32:47
STX,-4.1,0.6031,1.094536,1.378174,5.0,0.218907,1766975469461,2025-12-29 03:31:09
SNX,-5191.2,0.43599,2266.21836,-2.86274,3.0,755.40612,1766975469461,2025-12-29 03:31:09
SNX,-5235.4,0.436,2286.456242,-3.797156,3.0,762.15208,1766975530826,2025-12-29 03:32:10
SNX,-6972.6,0.43559,3018.717444,18.485657,3.0,1006.239148,1766976363864,2025-12-29 03:46:03
SNX,-2039.3,0.4232,853.44705,9.590796,3.0,284.48235,1767106042548,2025-12-30 15:47:22
SNX,-1255.9,0.4232,529.600471,1.900157,3.0,176.53349,1767106404391,2025-12-30 15:53:24
SNX,-1670.6,0.4228,702.73789,3.596778,3.0,234.245963,1767106874950,2025-12-30 16:01:14
SNX,-1624.8,0.4228,679.65384,7.316451,3.0,226.55128,1767107181389,2025-12-30 16:06:21
SNX,-873.3,0.4228,365.720574,3.513273,3.0,121.906858,1767107423977,2025-12-30 16:10:23
SNX,-2323.0,0.42042,973.337,3.321147,3.0,324.445666,1767107667665,2025-12-30 16:14:27
SNX,-3074.5,0.42032,1291.29,0.998147,3.0,430.43,1767107729996,2025-12-30 16:15:29
SNX,-2323.0,0.42032,975.54385,0.870319,3.0,325.181283,1767107892819,2025-12-30 16:18:12
SNX,-3074.5,0.42024,1290.459885,1.584284,3.0,430.153295,1767107956842,2025-12-30 16:19:16
SNX,-2323.0,0.42024,975.4277,0.802127,3.0,325.142566,1767108021421,2025-12-30 16:20:21
SNX,-3074.5,0.42018,1292.58129,-0.721463,3.0,430.86043,1767108145081,2025-12-30 16:22:25
SNX,-6649.5,0.42105,2790.329685,9.506247,3.0,930.109895,1767122132746,2025-12-30 20:15:32
SNX,-6689.8,0.42105,2812.525716,4.263217,3.0,937.508572,1767122431511,2025-12-30 20:20:31
SNX,-6934.3,0.42103,2902.351265,17.200373,3.0,967.450421,1767126371861,2025-12-30 21:26:11
SNX,-6938.8,0.42102,2903.8878,17.549968,3.0,967.9626,1767126502693,2025-12-30 21:28:22
XRP,-2426111.0,1.902488,4595539.4562,20109.401651,10.0,459553.94562,1766975469461,2025-12-29 03:31:09
XRP,-2426091.0,1.902488,4585069.3809,30541.427176,10.0,458506.93809,1766976363864,2025-12-29 03:46:03
XRP,-2255419.0,1.898499,4206581.9769,75329.523392,10.0,420658.19769,1767106042548,2025-12-30 15:47:22
XRP,-2257665.0,1.898472,4226348.88,59767.132292,10.0,422634.888,1767106374781,2025-12-30 15:52:54
XRP,-2256917.0,1.898472,4225174.3157,59521.638799,10.0,422517.43157,1767106404391,2025-12-30 15:53:24
XRP,-2257132.0,1.898464,4224448.2512,60636.372397,10.0,422444.82512,1767106874950,2025-12-30 16:01:14
XRP,-2267825.0,1.898334,4237431.0125,67659.704697,10.0,423743.10125,1767107016701,2025-12-30 16:03:36
XRP,-2269327.0,1.898312,4231614.0569,76278.190697,10.0,423161.40569,1767107242568,2025-12-30 16:07:22
XRP,-2270077.0,1.898302,4237552.7359,71740.061697,10.0,423755.27359,1767107605874,2025-12-30 16:13:25
XRP,-2270827.0,1.898292,4240315.2571,70378.540497,10.0,424031.52571,1767107729996,2025-12-30 16:15:29
XRP,-2273828.0,1.898251,4245464.2588,70833.455897,10.0,424546.42588,1767107818709,2025-12-30 16:16:58
XRP,-2274578.0,1.898241,4243907.6324,73790.257297,10.0,424390.76324,1767107956842,2025-12-30 16:19:16
XRP,-2275328.0,1.898231,4246672.1792,72426.410497,10.0,424667.21792,1767108021421,2025-12-30 16:20:21
XRP,-2322850.0,1.897728,4354414.61,53724.610211,10.0,435441.461,1767122132746,2025-12-30 20:15:32
XRP,-2322838.0,1.897728,4353462.9796,54653.467866,10.0,435346.29796,1767122369341,2025-12-30 20:19:29
XRP,-2322907.0,1.897728,4359399.5669,48846.379766,10.0,435939.95669,1767122659091,2025-12-30 20:24:19
XRP,-2323119.0,1.897726,4358868.1797,49775.584966,10.0,435886.81797,1767122783006,2025-12-30 20:26:23
XRP,-2323130.0,1.897726,4362605.827,46058.586866,10.0,436260.5827,1767122966378,2025-12-30 20:29:26
XRP,-2322384.0,1.897726,4360043.7216,47204.988602,10.0,436004.37216,1767123116039,2025-12-30 20:31:56
XRP,-2314839.0,1.897716,4334073.0597,58834.388595,10.0,433407.30597,1767126371861,2025-12-30 21:26:11
XRP,-2311843.0,1.897716,4325458.253,61763.637588,10.0,432545.8253,1767126565179,2025-12-30 21:29:25
XRP,-2312048.0,1.897713,4326766.6272,60838.920888,10.0,432676.66272,1767126767173,2025-12-30 21:32:47
BCH,-167.629,610.467,102878.94617,-546.809487,10.0,10287.894617,1766975469461,2025-12-29 03:31:09
BCH,-167.477,610.476,103557.72818,-1316.883979,10.0,10355.772818,1766976363864,2025-12-29 03:46:03
BCH,-163.768,610.476,101103.81248,-1127.227202,10.0,10110.381248,1766976425315,2025-12-29 03:47:05
BCH,-292.714,605.181,176108.45096,1036.610159,10.0,17610.845096,1767106042548,2025-12-30 15:47:22
BCH,-292.652,605.181,176074.0758,1033.464073,10.0,17607.40758,1767106071954,2025-12-30 15:47:51
BCH,-292.578,605.181,176693.70576,369.05069,10.0,17669.370576,1767106374781,2025-12-30 15:52:54
BCH,-293.771,605.175,177041.09315,742.019183,10.0,17704.109315,1767106874950,2025-12-30 16:01:14
BCH,-292.108,605.175,175536.46044,1240.244467,10.0,17553.646044,1767107016701,2025-12-30 16:03:36
BCH,-291.973,605.175,175364.82326,1330.182908,10.0,17536.482326,1767107361621,2025-12-30 16:09:21
BCH,-290.307,605.175,174274.19517,1412.588044,10.0,17427.419517,1767107956842,2025-12-30 16:19:16
BCH,-290.744,604.961,173434.61088,2454.279675,10.0,17343.461088,1767122132746,2025-12-30 20:15:32
BCH,-290.691,604.961,173420.43678,2436.390821,10.0,17342.043678,1767122272895,2025-12-30 20:17:52
BCH,-290.645,604.961,173381.3683,2447.631077,10.0,17338.13683,1767122431511,2025-12-30 20:20:31
BCH,-290.515,604.961,173512.9889,2237.365498,10.0,17351.29889,1767122525806,2025-12-30 20:22:05
BCH,-290.483,604.961,173531.63937,2199.356263,10.0,17353.163937,1767123116039,2025-12-30 20:31:56
BCH,-290.41,604.961,172799.7582,2887.075252,10.0,17279.97582,1767126371861,2025-12-30 21:26:11
APT,-17800.01,1.7195,31338.697606,-731.248889,10.0,3133.86976,1766975469461,2025-12-29 03:31:09
APT,-16518.82,1.7195,29041.737442,-637.318808,10.0,2904.173744,1766975530826,2025-12-29 03:32:10
APT,-8002.3,1.7195,14049.63811,-289.534254,10.0,1404.963811,1766976363864,2025-12-29 03:46:03
APT,-7980.26,1.7195,14010.942482,-288.736817,10.0,1401.094248,1766976425315,2025-12-29 03:47:05
APT,-3852.36,1.7177,6592.158432,25.306694,10.0,659.215843,1767106042548,2025-12-30 15:47:22
APT,-3823.16,1.7177,6539.132864,28.173403,10.0,653.913286,1767106071954,2025-12-30 15:47:51
APT,-3679.62,1.7177,6302.453136,18.284547,10.0,630.245313,1767106210272,2025-12-30 15:50:10
APT,-3773.08,1.7176,6491.961448,-10.966577,10.0,649.196144,1767106374781,2025-12-30 15:52:54
APT,-3598.57,1.7176,6184.142545,-2.902362,10.0,618.414254,1767106874950,2025-12-30 16:01:14
APT,-3452.72,1.7176,5909.33028,21.38431,10.0,590.933028,1767107016701,2025-12-30 16:03:36
APT,-3423.54,1.7176,5864.52402,16.068274,10.0,586.452402,1767107605874,2025-12-30 16:13:25
APT,-3394.51,1.7176,5841.272808,-10.545156,10.0,584.12728,1767107956842,2025-12-30 16:19:16
APT,-3249.1,1.7176,5592.35092,-11.393076,10.0,559.235092,1767108082262,2025-12-30 16:21:22
APT,3929.48,1.7213,6720.196696,-43.726947,10.0,672.019669,1767122132746,2025-12-30 20:15:32
APT,4075.39,1.7211,6989.701389,-24.457904,10.0,698.970138,1767122659091,2025-12-30 20:24:19
APT,4221.26,1.7209,7228.485624,-35.913654,10.0,722.848562,1767122783006,2025-12-30 20:26:23
APT,3639.45,1.7209,6263.49345,0.335544,10.0,626.349345,1767123116039,2025-12-30 20:31:56
APT,4249.67,1.7198,7280.959611,-28.038103,10.0,728.095961,1767126371861,2025-12-30 21:26:11
APT,4278.84,1.7198,7331.364456,-27.598551,10.0,733.136445,1767126502693,2025-12-30 21:28:22
APT,4254.33,1.7198,7280.860362,-35.949121,10.0,728.086036,1767126642412,2025-12-30 21:30:42
APT,4400.53,1.7195,7531.067042,-35.992981,10.0,753.106704,1767126705455,2025-12-30 21:31:45
APT,4450.53,1.7194,7612.631565,-39.933458,10.0,761.263156,1767126767173,2025-12-30 21:32:47
AAVE,-3188.79,154.0238,496048.1724,-4898.587033,10.0,49604.81724,1766975469461,2025-12-29 03:31:09
AAVE,-3193.89,154.0273,498023.2677,-6076.862164,10.0,49802.32677,1766976363864,2025-12-29 03:46:03
AAVE,-3197.1,154.0291,497980.296,-5533.644064,10.0,49798.0296,1766976425315,2025-12-29 03:47:05
AAVE,-3677.29,153.7443,553211.5076,12151.204347,10.0,55321.15076,1767106042548,2025-12-30 15:47:22
AAVE,-3676.03,153.7443,556624.4626,8544.531413,10.0,55662.44626,1767106374781,2025-12-30 15:52:54
AAVE,-3669.28,153.7443,555382.2208,8748.998572,10.0,55538.22208,1767106434601,2025-12-30 15:53:54
AAVE,-3664.51,153.7443,553560.8806,9836.978026,10.0,55356.08806,1767106874950,2025-12-30 16:01:14
AAVE,-3654.55,153.7443,550009.775,11856.78949,10.0,55000.9775,1767108021421,2025-12-30 16:20:21
AAVE,-3681.53,153.7141,551345.9328,14557.489397,10.0,55134.59328,1767122132746,2025-12-30 20:15:32
AAVE,-3684.86,153.7109,552876.3944,13526.927397,10.0,55287.63944,1767126502693,2025-12-30 21:28:22
AAVE,-3688.19,153.7076,553412.9095,13490.178697,10.0,55341.29095,1767126565179,2025-12-30 21:29:25
AAVE,-3691.59,153.7043,553775.4159,13638.010197,10.0,55377.54159,1767126642412,2025-12-30 21:30:42
AAVE,-3698.25,153.6976,554663.535,13748.724597,10.0,55466.3535,1767126705455,2025-12-30 21:31:45
AAVE,-3701.58,153.6942,555125.9526,13785.773697,10.0,55512.59526,1767126767173,2025-12-30 21:32:47
AAVE,-3708.24,153.6875,556013.5056,13896.954297,10.0,55601.35056,1767126830887,2025-12-30 21:33:50
WLD,-597675.2,0.52131,306798.633664,4776.477623,10.0,30679.863366,1766975469461,2025-12-29 03:31:09
WLD,-599707.6,0.52128,307206.215176,5410.566344,10.0,30720.621517,1766976363864,2025-12-29 03:46:03
WLD,-738852.3,0.51792,365658.00327,17013.316698,10.0,36565.800327,1767106042548,2025-12-30 15:47:22
WLD,-744243.3,0.51774,364150.804257,21174.752939,10.0,36415.080425,1767122132746,2025-12-30 20:15:32
WLD,-745262.5,0.5177,366542.455375,19283.559597,10.0,36654.245537,1767123041819,2025-12-30 20:30:41
WLD,-745535.3,0.51769,365804.350298,20155.71198,10.0,36580.435029,1767126371861,2025-12-30 21:26:11
TRX,-1156925.0,0.282975,330174.82575,-2793.761053,10.0,33017.482575,1766975469461,2025-12-29 03:31:09
TRX,-1157964.0,0.282977,330679.77948,-3002.076193,10.0,33067.977948,1766976363864,2025-12-29 03:46:03
TRX,-1736272.0,0.283586,496104.99856,-3722.082506,10.0,49610.499856,1767106042548,2025-12-30 15:47:22
TRX,-1733640.0,0.283586,494520.81,-2884.293033,10.0,49452.081,1767107667665,2025-12-30 16:14:27
TRX,-1733682.0,0.283586,494567.46414,-2918.965413,10.0,49456.746414,1767107729996,2025-12-30 16:15:29
TRX,-1756779.0,0.283613,501595.54008,-3349.721122,10.0,50159.554008,1767122132746,2025-12-30 20:15:32
TRX,-1759644.0,0.283618,503610.1128,-4543.117071,10.0,50361.01128,1767126371861,2025-12-30 21:26:11
kSHIB,-584.0,0.014599,4.378832,4.146984,10.0,0.437883,1766975469461,2025-12-29 03:31:09
UNI,-94722.9,5.9915,598307.72556,-30775.363419,10.0,59830.772556,1766975469461,2025-12-29 03:31:09
UNI,-94039.6,5.99165,589759.94744,-26306.763823,10.0,58975.994744,1766976363864,2025-12-29 03:46:03
UNI,-66732.0,6.00285,400065.0132,517.529962,10.0,40006.50132,1767106042548,2025-12-30 15:47:22
UNI,-66482.0,6.00293,399204.4654,-117.533128,10.0,39920.44654,1767106874950,2025-12-30 16:01:14
UNI,-66732.3,6.00291,399866.61483,721.680287,10.0,39986.661483,1767107729996,2025-12-30 16:15:29
UNI,-66815.9,6.00289,399899.84309,1188.906707,10.0,39989.984309,1767107956842,2025-12-30 16:19:16
UNI,-67066.7,6.00282,401441.14619,1148.532927,10.0,40144.114619,1767108145081,2025-12-30 16:22:25
UNI,-66400.1,6.00274,394556.03421,4026.615221,10.0,39455.603421,1767122132746,2025-12-30 20:15:32
UNI,-66568.0,6.00262,397131.3744,2451.597991,10.0,39713.13744,1767123041819,2025-12-30 20:30:41
UNI,-67132.6,6.00208,398626.66554,4308.740665,10.0,39862.666554,1767126371861,2025-12-30 21:26:11
UNI,-67216.9,6.00199,398757.53756,4678.054265,10.0,39875.753756,1767126767173,2025-12-30 21:32:47
SEI,-1497669.0,0.114966,173579.8371,-1397.807775,10.0,17357.98371,1766975469461,2025-12-29 03:31:09
SEI,-1504356.0,0.114969,174174.33768,-1219.448598,10.0,17417.433768,1766976363864,2025-12-29 03:46:03
SEI,-1322484.0,0.114872,150406.10532,1511.452025,10.0,15040.610532,1767106042548,2025-12-30 15:47:22
SEI,-1322750.0,0.114872,151018.3675,929.455325,10.0,15101.83675,1767106210272,2025-12-30 15:50:10
SEI,-1325195.0,0.114871,151257.7573,969.691215,10.0,15125.77573,1767106874950,2025-12-30 16:01:14
SEI,-1329597.0,0.114867,151241.65875,1486.231135,10.0,15124.165875,1767108021421,2025-12-30 16:20:21
SEI,-1339547.0,0.11485,150618.66468,3229.571977,10.0,15061.866468,1767122132746,2025-12-30 20:15:32
SEI,-1339376.0,0.11485,150813.7376,3014.859545,10.0,15081.37376,1767122525806,2025-12-30 20:22:05
SEI,-1339099.0,0.11485,151264.62304,2532.160393,10.0,15126.462304,1767123116039,2025-12-30 20:31:56
SEI,-1349180.0,0.114836,151944.6516,2989.785617,10.0,15194.46516,1767126371861,2025-12-30 21:26:11
SEI,-1349735.0,0.114835,151939.66895,3057.271947,10.0,15193.966895,1767126502693,2025-12-30 21:28:22
SEI,-1351958.0,0.114831,152189.91206,3057.271947,10.0,15218.991206,1767126830887,2025-12-30 21:33:50
TIA,-384172.1,0.46409,183396.077098,-5102.014645,10.0,18339.607709,1766975469461,2025-12-29 03:31:09
TIA,-384203.4,0.4641,182638.770258,-4329.812761,10.0,18263.877025,1766976363864,2025-12-29 03:46:03
TIA,-496510.2,0.46387,228543.64506,1772.989656,10.0,22854.364506,1767106042548,2025-12-30 15:47:22
TIA,-497324.5,0.46386,229361.086155,1331.006005,10.0,22936.108615,1767106210272,2025-12-30 15:50:10
TIA,-498136.7,0.46386,230064.434895,1003.072349,10.0,23006.443489,1767106874950,2025-12-30 16:01:14
TIA,-498949.7,0.46386,230639.498825,803.419299,10.0,23063.949882,1767106935140,2025-12-30 16:02:15
TIA,-500578.8,0.46385,230791.85574,1401.833119,10.0,23079.185574,1767107485588,2025-12-30 16:11:25
TIA,-502206.7,0.46384,231602.663839,1341.763661,10.0,23160.266383,1767107546434,2025-12-30 16:12:26
TIA,-502247.7,0.46384,231561.302085,1402.017395,10.0,23156.130208,1767107729996,2025-12-30 16:15:29
TIA,-502677.4,0.46383,231643.799468,1517.813244,10.0,23164.379946,1767108021421,2025-12-30 16:20:21
TIA,-503491.8,0.46383,232210.41816,1326.592232,10.0,23221.041816,1767108145081,2025-12-30 16:22:25
TIA,-498790.8,0.46383,228027.202128,3328.108816,10.0,22802.720212,1767122132746,2025-12-30 20:15:32
TIA,-498712.5,0.46383,229831.655625,1487.337245,10.0,22983.165562,1767123116039,2025-12-30 20:31:56
TIA,-500845.9,0.46381,229763.056625,2537.469337,10.0,22976.305662,1767126371861,2025-12-30 21:26:11
TIA,-500920.4,0.46381,229546.7733,2787.931027,10.0,22954.67733,1767126502693,2025-12-30 21:28:22
TIA,-501041.9,0.46381,229547.336066,2843.034701,10.0,22954.733606,1767126565179,2025-12-30 21:29:25
ADA,937739.0,0.358113,353602.62212,17785.306928,10.0,35360.262212,1766975469461,2025-12-29 03:31:09
ADA,939009.0,0.358138,353640.17949,17344.837578,10.0,35364.017949,1766976363864,2025-12-29 03:46:03
ADA,437720.0,0.357684,154699.0024,-1866.450391,10.0,15469.90024,1767106042548,2025-12-30 15:47:22
ADA,437785.0,0.357683,155820.81505,-767.767991,10.0,15582.081505,1767106404391,2025-12-30 15:53:24
ADA,440607.0,0.357656,156049.78119,-1536.276153,10.0,15604.978119,1767106874950,2025-12-30 16:01:14
ADA,437768.0,0.357656,153984.894,-2585.775895,10.0,15398.4894,1767107016701,2025-12-30 16:03:36
ADA,432075.0,0.357656,151960.7775,-2573.752648,10.0,15196.07775,1767107096986,2025-12-30 16:04:56
ADA,431784.0,0.357656,151983.65016,-2446.80188,10.0,15198.365016,1767107423977,2025-12-30 16:10:23
ADA,431556.0,0.357656,152166.6456,-2182.260706,10.0,15216.66456,1767107485588,2025-12-30 16:11:25
ADA,431503.0,0.357656,152229.94337,-2100.007129,10.0,15222.994337,1767107605874,2025-12-30 16:13:25
ADA,431333.0,0.357656,152070.76248,-2198.386375,10.0,15207.076248,1767107729996,2025-12-30 16:15:29
ADA,431279.0,0.357656,151831.77195,-2418.063441,10.0,15183.177195,1767107956842,2025-12-30 16:19:16
ADA,429857.0,0.357656,151412.82968,-2328.417845,10.0,15141.282968,1767108145081,2025-12-30 16:22:25
ADA,381009.0,0.357656,133741.77918,-2528.652545,10.0,13374.177918,1767122132746,2025-12-30 20:15:32
ADA,379583.0,0.357656,133214.65385,-2545.759382,10.0,13321.465385,1767122525806,2025-12-30 20:22:05
ADA,378158.0,0.357656,132778.83696,-2471.915436,10.0,13277.883696,1767122587571,2025-12-30 20:23:07
ADA,377988.0,0.357656,133051.776,-2138.174752,10.0,13305.1776,1767123041819,2025-12-30 20:30:41
ADA,359387.0,0.357656,125789.04387,-2748.134105,10.0,12578.904387,1767126371861,2025-12-30 21:26:11
TON,-129244.7,1.57832,216174.68522,-12184.966286,10.0,21617.468522,1766975469461,2025-12-29 03:31:09
TON,-128268.4,1.57864,215195.89468,-12705.456796,10.0,21519.589468,1766976363864,2025-12-29 03:46:03
TON,-165090.1,1.59219,269526.09726,-6669.758789,10.0,26952.609726,1767106042548,2025-12-30 15:47:22
TON,-165121.8,1.5922,269528.31414,-6620.244789,10.0,26952.831414,1767106210272,2025-12-30 15:50:10
TON,-166503.3,1.59252,271217.22537,-6056.528169,10.0,27121.722537,1767106874950,2025-12-30 16:01:14
TON,-166947.8,1.5926,270672.46814,-4790.525239,10.0,27067.246814,1767107096986,2025-12-30 16:04:56
TON,-154306.1,1.5937,249374.08821,-3455.165869,10.0,24937.408821,1767122132746,2025-12-30 20:15:32
TON,-153842.3,1.5937,248962.99409,-3783.233689,10.0,24896.299409,1767122659091,2025-12-30 20:24:19
TON,-153832.0,1.5937,248623.2784,-3459.933196,10.0,24862.32784,1767122719176,2025-12-30 20:25:19
TON,-153842.9,1.59371,248871.65933,-3690.681196,10.0,24887.165933,1767122903422,2025-12-30 20:28:23
TON,-153868.3,1.59371,249235.87234,-4013.771606,10.0,24923.587234,1767123041819,2025-12-30 20:30:41
TON,-154820.8,1.59394,252094.70864,-5318.238518,10.0,25209.470864,1767126371861,2025-12-30 21:26:11
TON,-155138.4,1.59401,252192.98304,-4899.777718,10.0,25219.298304,1767126705455,2025-12-30 21:31:45
TON,-155407.5,1.59407,253205.43975,-5473.682158,10.0,25320.543975,1767126830887,2025-12-30 21:33:50
NEAR,-3.5,2.5467,5.58635,3.3271,10.0,0.558635,1766975469461,2025-12-29 03:31:09
PYTH,-695310.0,0.060726,42845.0022,-621.138491,5.0,8569.00044,1766975469461,2025-12-29 03:31:09
PYTH,-688574.0,0.060727,42261.22925,-445.831429,5.0,8452.24585,1766976363864,2025-12-29 03:46:03
PYTH,-688166.0,0.060728,42213.478772,-422.407083,5.0,8442.695754,1766976425315,2025-12-29 03:47:05
PYTH,-896365.0,0.058935,52379.98514,447.952745,5.0,10475.997028,1767106042548,2025-12-30 15:47:22
PYTH,-896646.0,0.058935,52460.964168,383.389456,5.0,10492.192833,1767106210272,2025-12-30 15:50:10
PYTH,-891740.0,0.058935,52441.44592,113.769739,5.0,10488.289184,1767106374781,2025-12-30 15:52:54
PYTH,-888331.0,0.058935,52225.867821,128.436439,5.0,10445.173564,1767106434601,2025-12-30 15:53:54
PYTH,-869070.0,0.058935,51008.32551,210.789224,5.0,10201.665102,1767106874950,2025-12-30 16:01:14
PYTH,-868558.0,0.058935,50809.774442,379.165292,5.0,10161.954888,1767107016701,2025-12-30 16:03:36
PYTH,-868599.0,0.058935,50743.55358,447.62758,5.0,10148.710716,1767107302686,2025-12-30 16:08:22
PYTH,-868313.0,0.058935,50752.89485,421.430801,5.0,10150.57897,1767107546434,2025-12-30 16:12:26
PYTH,-868619.0,0.058935,50618.772225,573.39598,5.0,10123.754445,1767107667665,2025-12-30 16:14:27
PYTH,-869089.0,0.058934,50702.65226,516.929635,5.0,10140.530452,1767107818709,2025-12-30 16:16:58
PYTH,-866543.0,0.058934,50492.594067,576.93984,5.0,10098.518813,1767108021421,2025-12-30 16:20:21
PYTH,-867514.0,0.058934,50600.356592,525.74528,5.0,10120.071318,1767108145081,2025-12-30 16:22:25
PYTH,-738482.0,0.0588,43040.946406,381.928508,5.0,8608.189281,1767122132746,2025-12-30 20:15:32
PYTH,-696300.0,0.0588,40620.7494,321.816291,5.0,8124.14988,1767122272895,2025-12-30 20:17:52
PYTH,-713434.0,0.058791,41693.08296,250.420983,5.0,8338.616592,1767122525806,2025-12-30 20:22:05
PYTH,-713161.0,0.058791,41692.818382,234.635615,5.0,8338.563676,1767122659091,2025-12-30 20:24:19
PYTH,-698581.0,0.058791,40840.442422,229.838674,5.0,8168.088484,1767122719176,2025-12-30 20:25:19
PYTH,-694947.0,0.058791,40654.3995,202.235072,5.0,8130.8799,1767122783006,2025-12-30 20:26:23
PYTH,-705451.0,0.058786,41286.519775,184.792413,5.0,8257.303955,1767122842970,2025-12-30 20:27:22
PYTH,-709214.0,0.058785,41545.75612,145.665148,5.0,8309.151224,1767122903422,2025-12-30 20:28:23
PYTH,-709815.0,0.058785,41657.62272,69.051283,5.0,8331.524544,1767123041819,2025-12-30 20:30:41
PYTH,-710112.0,0.058785,41722.63056,21.470809,5.0,8344.526112,1767123116039,2025-12-30 20:31:56
PYTH,-717343.0,0.058773,42043.47323,117.382128,5.0,8408.694646,1767126371861,2025-12-30 21:26:11
PYTH,-717627.0,0.058773,42029.978136,147.517634,5.0,8405.995627,1767126502693,2025-12-30 21:28:22
PYTH,-717115.0,0.058773,42007.16247,140.241235,5.0,8401.432494,1767126642412,2025-12-30 21:30:42
PYTH,-717537.0,0.058773,42056.278644,115.864389,5.0,8411.255728,1767126767173,2025-12-30 21:32:47
PYTH,-718117.0,0.058773,42110.38088,95.761551,5.0,8422.076176,1767126830887,2025-12-30 21:33:50
kBONK,-2741023.0,0.008004,22325.632335,-384.95158,10.0,2232.563233,1766975469461,2025-12-29 03:31:09
kBONK,-2930857.0,0.008013,23857.17598,-371.263477,10.0,2385.717598,1766976363864,2025-12-29 03:46:03
kBONK,11178370.0,0.007765,86263.48129,-540.707904,10.0,8626.348129,1767106042548,2025-12-30 15:47:22
kBONK,11129713.0,0.007765,86032.68149,-393.668051,10.0,8603.268149,1767106210272,2025-12-30 15:50:10
kBONK,11078731.0,0.007765,86126.054794,95.599394,10.0,8612.605479,1767106374781,2025-12-30 15:52:54
kBONK,10816936.0,0.007765,83658.183024,-339.337096,10.0,8365.818302,1767106874950,2025-12-30 16:01:14
kBONK,10752236.0,0.007765,83179.297696,-315.802926,10.0,8317.929769,1767106935140,2025-12-30 16:02:15
kBONK,10687511.0,0.007765,82379.334788,-613.152202,10.0,8237.933478,1767107016701,2025-12-30 16:03:36
kBONK,10682716.0,0.007765,82331.692212,-623.559824,10.0,8233.169221,1767107667665,2025-12-30 16:14:27
kBONK,10674163.0,0.007765,82393.864197,-494.970621,10.0,8239.386419,1767107818709,2025-12-30 16:16:58
kBONK,10665268.0,0.007765,82229.21628,-590.545563,10.0,8222.921628,1767107956842,2025-12-30 16:19:16
kBONK,6446339.0,0.007765,49643.256639,-416.431833,10.0,4964.325663,1767122132746,2025-12-30 20:15:32
kBONK,6448928.0,0.007765,49721.23488,-358.414782,10.0,4972.123488,1767122431511,2025-12-30 20:20:31
kBONK,5865604.0,0.007765,45288.328484,-261.47349,10.0,4528.832848,1767122719176,2025-12-30 20:25:19
kBONK,5865136.0,0.007765,45366.82696,-179.340723,10.0,4536.682696,1767122903422,2025-12-30 20:28:23
kBONK,5800557.0,0.007765,44960.117307,-84.557151,10.0,4496.01173,1767123116039,2025-12-30 20:31:56
kBONK,4413821.0,0.007765,34026.146089,-249.669066,10.0,3402.614608,1767126371861,2025-12-30 21:26:11
JUP,527252.0,0.199681,106847.6178,1565.154218,5.0,21369.52356,1766975469461,2025-12-29 03:31:09
JUP,529212.0,0.199691,106874.3634,1195.273608,5.0,21374.87268,1766976363864,2025-12-29 03:46:03
JUP,529423.0,0.199692,106932.85754,1211.151808,5.0,21386.571508,1766976425315,2025-12-29 03:47:05
JUP,392320.0,0.192509,74376.0256,-1149.230168,5.0,14875.20512,1767106042548,2025-12-30 15:47:22
JUP,393705.0,0.192498,74599.2234,-1188.517568,5.0,14919.84468,1767106071954,2025-12-30 15:47:51
JUP,397925.0,0.19247,75836.5465,-752.150468,5.0,15167.3093,1767106374781,2025-12-30 15:52:54
JUP,409307.0,0.192412,77903.40131,-852.266378,5.0,15580.680262,1767106874950,2025-12-30 16:01:14
JUP,409209.0,0.192412,77549.19759,-1187.6137,5.0,15509.839518,1767107361621,2025-12-30 16:09:21
JUP,409108.0,0.192412,77546.4214,-1170.956255,5.0,15509.28428,1767107729996,2025-12-30 16:15:29
JUP,409174.0,0.192411,77583.48214,-1146.161927,5.0,15516.696428,1767107818709,2025-12-30 16:16:58
JUP,395442.0,0.192411,74940.21342,-1147.240594,5.0,14988.042684,1767107892819,2025-12-30 16:18:12
JUP,395523.0,0.192409,74995.11603,-1107.411467,5.0,14999.023206,1767108021421,2025-12-30 16:20:21
JUP,395626.0,0.192409,74994.86456,-1127.185557,5.0,14998.972912,1767108082262,2025-12-30 16:21:22
JUP,395455.0,0.192409,74998.04075,-1091.107407,5.0,14999.60815,1767108145081,2025-12-30 16:22:25
JUP,462866.0,0.191838,86731.83108,-2063.848946,5.0,17346.366216,1767122132746,2025-12-30 20:15:32
JUP,463625.0,0.191831,86989.95875,-1948.011006,5.0,17397.99175,1767122272895,2025-12-30 20:17:52
JUP,465225.0,0.191817,87406.473,-1831.784756,5.0,17481.2946,1767122431511,2025-12-30 20:20:31
JUP,465328.0,0.191816,87500.27712,-1757.337426,5.0,17500.055424,1767122783006,2025-12-30 20:26:23
JUP,465422.0,0.191815,87615.6915,-1659.614786,5.0,17523.1383,1767122903422,2025-12-30 20:28:23
JUP,467015.0,0.191804,88125.7305,-1449.808496,5.0,17625.1461,1767123041819,2025-12-30 20:30:41
JUP,508724.0,0.191549,96143.74876,-1301.898046,5.0,19228.749752,1767126371861,2025-12-30 21:26:11
JUP,508821.0,0.191548,96095.93406,-1368.042836,5.0,19219.186812,1767126502693,2025-12-30 21:28:22
JUP,508809.0,0.191547,95976.64167,-1484.673246,5.0,19195.328334,1767126642412,2025-12-30 21:30:42
JUP,508914.0,0.191547,96026.98266,-1454.142606,5.0,19205.396532,1767126705455,2025-12-30 21:31:45
JUP,508711.0,0.191547,95932.72038,-1509.520775,5.0,19186.544076,1767126767173,2025-12-30 21:32:47
JUP,512800.0,0.191522,96657.672,-1555.222985,5.0,19331.5344,1767126830887,2025-12-30 21:33:50
WIF,-896055.0,0.319836,286441.90185,149.576349,5.0,57288.38037,1766975469461,2025-12-29 03:31:09
WIF,-895888.0,0.319836,285967.4496,570.615831,5.0,57193.48992,1766976363864,2025-12-29 03:46:03
WIF,-1278758.0,0.303954,357732.5505,30951.890008,5.0,71546.5101,1767106042548,2025-12-30 15:47:22
WIF,-1276294.0,0.303954,358549.27342,29386.222827,5.0,71709.854684,1767106874950,2025-12-30 16:01:14
WIF,-1274432.0,0.303954,355885.136,31484.396687,5.0,71177.0272,1767108021421,2025-12-30 16:20:21
WIF,-1193426.0,0.303783,332213.99562,30329.298389,5.0,66442.799124,1767122132746,2025-12-30 20:15:32
WIF,-1191592.0,0.303783,331560.474,30425.680813,5.0,66312.0948,1767122272895,2025-12-30 20:17:52
WIF,-1190510.0,0.303783,331676.086,29981.374914,5.0,66335.2172,1767122431511,2025-12-30 20:20:31
WIF,-1189431.0,0.303783,332077.24089,29252.437476,5.0,66415.448178,1767122659091,2025-12-30 20:24:19
WIF,-1189235.0,0.303783,332248.4743,29021.662471,5.0,66449.69486,1767122783006,2025-12-30 20:26:23
WIF,-1188843.0,0.303783,335218.06071,25932.992873,5.0,67043.612142,1767123116039,2025-12-30 20:31:56
WIF,-1190204.0,0.303685,332840.5486,28607.460846,5.0,66568.10972,1767126371861,2025-12-30 21:26:11
WIF,-1194133.0,0.303605,333485.52291,29060.034776,5.0,66697.104582,1767126502693,2025-12-30 21:28:22
WIF,-1194685.0,0.303594,333651.6268,29048.121046,5.0,66730.32536,1767126565179,2025-12-30 21:29:25
WIF,-1196506.0,0.303557,334112.33544,29096.119556,5.0,66822.467088,1767126642412,2025-12-30 21:30:42
WIF,-1201717.0,0.303451,335411.23187,29251.956456,5.0,67082.246374,1767126767173,2025-12-30 21:32:47
ONDO,-426249.0,0.387648,167532.90696,-2298.204295,10.0,16753.290696,1766975469461,2025-12-29 03:31:09
ONDO,-427094.0,0.387657,167570.3309,-2003.969625,10.0,16757.03309,1766976363864,2025-12-29 03:46:03
ONDO,-462385.0,0.386619,174499.47515,4267.461092,10.0,17449.947515,1767106042548,2025-12-30 15:47:22
ONDO,-462341.0,0.386619,175893.01004,2856.914955,10.0,17589.301004,1767106374781,2025-12-30 15:52:54
ONDO,-461684.0,0.386619,175716.9304,2778.985755,10.0,17571.69304,1767106404391,2025-12-30 15:53:24
ONDO,-461641.0,0.386619,175100.4313,3378.860227,10.0,17510.04313,1767106874950,2025-12-30 16:01:14
ONDO,-461691.0,0.386618,175211.7345,3286.536027,10.0,17521.17345,1767106935140,2025-12-30 16:02:15
ONDO,-461601.0,0.386618,174051.27306,4412.201804,10.0,17405.127306,1767107181389,2025-12-30 16:06:21
ONDO,-461647.0,0.386617,173810.0955,4670.700204,10.0,17381.00955,1767107242568,2025-12-30 16:07:22
ONDO,-461691.0,0.386616,174085.20846,4412.172164,10.0,17408.520846,1767107361621,2025-12-30 16:09:21
ONDO,-461737.0,0.386615,174005.58845,4509.134174,10.0,17400.558845,1767107423977,2025-12-30 16:10:23
ONDO,-461803.0,0.386614,174326.01447,4213.586854,10.0,17432.601447,1767107485588,2025-12-30 16:11:25
ONDO,-461891.0,0.386612,174289.94994,4282.871384,10.0,17428.994994,1767107605874,2025-12-30 16:13:25
ONDO,-462073.0,0.386608,174201.521,4439.963864,10.0,17420.1521,1767107667665,2025-12-30 16:14:27
ONDO,-462147.0,0.386607,174432.76368,4236.631024,10.0,17443.276368,1767107729996,2025-12-30 16:15:29
ONDO,-462190.0,0.386606,174448.9936,4236.628874,10.0,17444.89936,1767107818709,2025-12-30 16:16:58
ONDO,-456865.0,0.38649,170940.6084,5633.445051,10.0,17094.06084,1767122132746,2025-12-30 20:15:32
ONDO,-457533.0,0.386472,171117.342,5706.717131,10.0,17111.7342,1767122272895,2025-12-30 20:17:52
ONDO,-457574.0,0.386471,171169.28192,5670.115311,10.0,17116.928192,1767122369341,2025-12-30 20:19:29
ONDO,-457620.0,0.38647,171401.571,5455.047251,10.0,17140.1571,1767122431511,2025-12-30 20:20:31
ONDO,-457670.0,0.386469,171525.5626,5349.794151,10.0,17152.55626,1767122525806,2025-12-30 20:22:05
ONDO,-457718.0,0.386467,171584.74666,5308.607691,10.0,17158.474666,1767122659091,2025-12-30 20:24:19
ONDO,-457820.0,0.386465,171554.3104,5377.279671,10.0,17155.43104,1767122719176,2025-12-30 20:25:19
ONDO,-458351.0,0.386451,171840.37341,5290.256701,10.0,17184.037341,1767122783006,2025-12-30 20:26:23
ONDO,-458479.0,0.386448,172158.8645,5019.811691,10.0,17215.88645,1767122966378,2025-12-30 20:29:26
ONDO,-460571.0,0.386397,172410.14814,5553.133181,10.0,17241.014814,1767126371861,2025-12-30 21:26:11
ONDO,-460675.0,0.386394,172292.45,5709.764761,10.0,17229.245,1767126502693,2025-12-30 21:28:22
ONDO,-460767.0,0.386391,172280.7813,5755.833181,10.0,17228.07813,1767126565179,2025-12-30 21:29:25
ONDO,-460928.0,0.386387,172368.63488,5728.187161,10.0,17236.863488,1767126705455,2025-12-30 21:31:45
ONDO,-460970.0,0.386386,172310.586,5801.937321,10.0,17231.0586,1767126767173,2025-12-30 21:32:47
STRK,38.9,0.18052,3.208861,-3.813367,3.0,1.06962,1766975469461,2025-12-29 03:31:09
TAO,-2184.624,228.878,496696.11264,3316.569328,5.0,99339.222528,1766975469461,2025-12-29 03:31:09
TAO,-2185.424,228.877,497708.46176,2486.076208,5.0,99541.692352,1766976363864,2025-12-29 03:46:03
TAO,-3069.977,226.867,681626.99331,14849.5844,5.0,136325.398662,1767106042548,2025-12-30 15:47:22
TAO,-3073.275,226.861,683066.1015,14142.049822,5.0,136613.2203,1767106210272,2025-12-30 15:50:10
TAO,-3076.639,226.857,688244.1443,9714.784542,5.0,137648.82886,1767106374781,2025-12-30 15:52:54
TAO,-3074.421,226.857,688209.14085,9246.617842,5.0,137641.82817,1767106404391,2025-12-30 15:53:24
TAO,-3074.581,226.857,685600.81719,11890.699912,5.0,137120.163438,1767106874950,2025-12-30 16:01:14
TAO,-3071.204,226.857,683373.60204,13351.81755,5.0,136674.720408,1767106935140,2025-12-30 16:02:15
TAO,-3078.18,226.847,682278.597,15997.48865,5.0,136455.7194,1767107016701,2025-12-30 16:03:36
TAO,-3077.866,226.847,683317.03066,14887.825012,5.0,136663.406132,1767107423977,2025-12-30 16:10:23
TAO,-3074.493,226.847,684535.86645,12903.834085,5.0,136907.17329,1767107729996,2025-12-30 16:15:29
TAO,-3071.118,226.847,683139.48792,13534.603784,5.0,136627.897584,1767108145081,2025-12-30 16:22:25
TAO,-3196.151,226.65,703408.91208,21000.24028,5.0,140681.782416,1767122132746,2025-12-30 20:15:32
TAO,-3199.602,226.643,706984.05792,18185.53859,5.0,141396.811584,1767126371861,2025-12-30 21:26:11
kFLOKI,-918174.0,0.042556,38145.53883,928.388314,5.0,7629.107766,1766975469461,2025-12-29 03:31:09
ETHFI,9.0,1.1562,6.47361,-3.93219,5.0,1.294722,1766975469461,2025-12-29 03:31:09
ENA,-4657007.0,0.207912,993851.86387,-25604.192239,5.0,198770.372774,1766975469461,2025-12-29 03:31:09
ENA,-4659283.0,0.207914,993685.28541,-24951.710539,5.0,198737.057082,1766975530826,2025-12-29 03:32:10
ENA,-4662582.0,0.207918,993829.3533,-24391.842699,5.0,198765.87066,1766976363864,2025-12-29 03:46:03
ENA,-5900148.0,0.208467,1216138.50576,13850.33272,5.0,243227.701152,1767106042548,2025-12-30 15:47:22
ENA,-5900932.0,0.208467,1219309.57916,10840.975,5.0,243861.915832,1767106210272,2025-12-30 15:50:10
ENA,-5898196.0,0.208467,1220454.71632,9125.471681,5.0,244090.943264,1767106240998,2025-12-30 15:50:40
ENA,-5900750.0,0.208466,1229244.24,865.366661,5.0,245848.848,1767106374781,2025-12-30 15:52:54
ENA,-5902983.0,0.208466,1230299.71686,275.648941,5.0,246059.943372,1767106404391,2025-12-30 15:53:24
ENA,-5919250.0,0.208464,1227711.6425,6243.696041,5.0,245542.3285,1767106874950,2025-12-30 16:01:14
ENA,-5927185.0,0.208463,1230898.50895,4703.588991,5.0,246179.70179,1767106935140,2025-12-30 16:02:15
ENA,-5931157.0,0.208462,1226563.2676,9861.737421,5.0,245312.65352,1767107016701,2025-12-30 16:03:36
ENA,-5935836.0,0.20846,1224088.09992,13302.208151,5.0,244817.619984,1767107096986,2025-12-30 16:04:56
ENA,-5938001.0,0.20846,1224059.52614,13777.486381,5.0,244811.905228,1767107181389,2025-12-30 16:06:21
ENA,-5938653.0,0.208459,1224669.02166,13302.531061,5.0,244933.804332,1767107729996,2025-12-30 16:15:29
ENA,-6028742.0,0.208421,1224377.21278,32144.289918,5.0,244875.442556,1767122132746,2025-12-30 20:15:32
ENA,-6029251.0,0.208421,1227796.67364,28828.537808,5.0,245559.334728,1767122659091,2025-12-30 20:24:19
ENA,-6029462.0,0.208421,1233024.979,23643.371398,5.0,246604.9958,1767123041819,2025-12-30 20:30:41
ENA,-6056659.0,0.20839,1233014.63922,29134.815536,5.0,246602.927844,1767126371861,2025-12-30 21:26:11
ENA,-6054052.0,0.20839,1229941.20432,31664.976722,5.0,245988.240864,1767126642412,2025-12-30 21:30:42
ENA,-6049965.0,0.20839,1229171.38905,31583.100519,5.0,245834.27781,1767126705455,2025-12-30 21:31:45
ENA,-6047183.0,0.20839,1228303.81096,31870.936579,5.0,245660.762192,1767126767173,2025-12-30 21:32:47
ENA,-6046536.0,0.208386,1228111.92696,31905.508157,5.0,245622.385392,1767126830887,2025-12-30 21:33:50
POPCAT,-305961.0,0.082267,25350.704616,-180.171967,3.0,8450.234872,1766975469461,2025-12-29 03:31:09
POPCAT,-312247.0,0.082273,25800.032869,-110.394106,3.0,8600.010956,1766976363864,2025-12-29 03:46:03
POPCAT,-312476.0,0.082273,25821.766736,-113.193108,3.0,8607.255578,1766976425315,2025-12-29 03:47:05
POPCAT,-225154.0,0.078311,17716.24249,-84.005035,3.0,5905.414163,1767106042548,2025-12-30 15:47:22
POPCAT,-231191.0,0.078333,18292.525493,-182.556622,3.0,6097.508497,1767106374781,2025-12-30 15:52:54
POPCAT,-267943.0,0.078456,21183.841523,-162.032226,3.0,7061.280507,1767106874950,2025-12-30 16:01:14
POPCAT,-290425.0,0.078509,22968.841975,-167.772832,3.0,7656.280658,1767106935140,2025-12-30 16:02:15
POPCAT,-302291.0,0.078527,23795.742938,-57.472969,3.0,7931.914312,1767107016701,2025-12-30 16:03:36
POPCAT,-306569.0,0.078529,24096.3234,-21.468947,3.0,8032.1078,1767107096986,2025-12-30 16:04:56
POPCAT,-316108.0,0.078534,24864.739172,-39.486616,3.0,8288.24639,1767107181389,2025-12-30 16:06:21
POPCAT,-316274.0,0.078534,24887.284786,-48.970686,3.0,8295.761595,1767107302686,2025-12-30 16:08:22
POPCAT,-341720.0,0.078544,26893.02228,-52.680552,3.0,8964.34076,1767107361621,2025-12-30 16:09:21
POPCAT,-350465.0,0.078549,27579.142245,-50.138103,3.0,9193.047415,1767107423977,2025-12-30 16:10:23
POPCAT,-377455.0,0.078566,29731.37544,-76.181786,3.0,9910.45848,1767107485588,2025-12-30 16:11:25
POPCAT,-384547.0,0.07857,30260.00343,-46.097099,3.0,10086.66781,1767107546434,2025-12-30 16:12:26
POPCAT,-427594.0,0.078588,33644.806296,-40.859266,3.0,11214.935432,1767107605874,2025-12-30 16:13:25
POPCAT,-440526.0,0.07859,34625.3436,-4.112743,3.0,11541.7812,1767107667665,2025-12-30 16:14:27
POPCAT,-446465.0,0.078592,35143.04601,-54.423872,3.0,11714.34867,1767107729996,2025-12-30 16:15:29
POPCAT,-452025.0,0.078594,35555.834475,-29.230513,3.0,11851.944825,1767107818709,2025-12-30 16:16:58
POPCAT,-454787.0,0.078594,35746.2582,-2.387032,3.0,11915.4194,1767107956842,2025-12-30 16:19:16
POPCAT,-471019.0,0.078597,37058.832882,-37.72131,3.0,12352.944294,1767108021421,2025-12-30 16:20:21
POPCAT,-472605.0,0.078598,37223.787615,-77.743651,3.0,12407.929205,1767108145081,2025-12-30 16:22:25
POPCAT,-385043.0,0.078649,29989.459098,293.912414,3.0,9996.486366,1767122132746,2025-12-30 20:15:32
POPCAT,-384793.0,0.078649,29952.28712,311.422061,3.0,9984.095706,1767122272895,2025-12-30 20:17:52
POPCAT,-384554.0,0.078649,29909.071904,335.840088,3.0,9969.690634,1767122369341,2025-12-30 20:19:29
POPCAT,-387769.0,0.078642,30227.369088,267.766354,3.0,10075.789696,1767122431511,2025-12-30 20:20:31
POPCAT,-387962.0,0.078642,30288.581302,221.623001,3.0,10096.193767,1767122525806,2025-12-30 20:22:05
POPCAT,-388214.0,0.078641,30347.464808,182.438587,3.0,10115.821602,1767122783006,2025-12-30 20:26:23
POPCAT,-388446.0,0.078641,30454.554846,93.534565,3.0,10151.518282,1767122966378,2025-12-30 20:29:26
POPCAT,-388945.0,0.078641,30506.901075,80.354347,3.0,10168.967025,1767123116039,2025-12-30 20:31:56
POPCAT,-674893.0,0.078527,52844.1219,153.535246,3.0,17614.7073,1767126371861,2025-12-30 21:26:11
POPCAT,-677269.0,0.078526,52945.504075,238.01493,3.0,17648.501358,1767126502693,2025-12-30 21:28:22
POPCAT,-718944.0,0.078506,56196.25776,245.478653,3.0,18732.08592,1767126642412,2025-12-30 21:30:42
POPCAT,-719164.0,0.078506,56224.24152,234.695813,3.0,18741.41384,1767126705455,2025-12-30 21:31:45
POPCAT,-735287.0,0.078497,57407.532525,310.610045,3.0,19135.844175,1767126830887,2025-12-30 21:33:50
EIGEN,262806.31,0.3908,104649.472642,1918.770282,5.0,20929.894528,1766975469461,2025-12-29 03:31:09
EIGEN,257705.09,0.3909,102437.773275,1700.351486,5.0,20487.554655,1766976363864,2025-12-29 03:46:03
EIGEN,257565.09,0.3909,102253.34073,1570.645214,5.0,20450.668146,1766976425315,2025-12-29 03:47:05
EIGEN,141712.36,0.3807,52419.401964,-1530.65457,5.0,10483.880392,1767106042548,2025-12-30 15:47:22
EIGEN,141765.05,0.3806,52495.598015,-1473.959088,5.0,10499.119603,1767106210272,2025-12-30 15:50:10
EIGEN,141885.93,0.3806,52639.68003,-1374.720129,5.0,10527.936006,1767106240998,2025-12-30 15:50:40
EIGEN,144222.56,0.3805,53766.170368,-1116.633412,5.0,10753.234073,1767106374781,2025-12-30 15:52:54
EIGEN,148205.64,0.3803,55339.985976,-1030.099876,5.0,11067.997195,1767106404391,2025-12-30 15:53:24
EIGEN,148748.24,0.3802,55468.218696,-1098.10594,5.0,11093.643739,1767106434601,2025-12-30 15:53:54
EIGEN,150018.31,0.3802,55776.807658,-1261.920431,5.0,11155.361531,1767106874950,2025-12-30 16:01:14
EIGEN,150057.85,0.3802,55836.525985,-1216.903076,5.0,11167.305197,1767106935140,2025-12-30 16:02:15
EIGEN,150549.09,0.3801,55763.382936,-1470.685061,5.0,11152.676587,1767107016701,2025-12-30 16:03:36
EIGEN,148589.11,0.3801,54977.9707,-1510.974035,5.0,10995.59414,1767107096986,2025-12-30 16:04:56
EIGEN,148803.67,0.3801,54982.956065,-1585.311502,5.0,10996.591213,1767107181389,2025-12-30 16:06:21
EIGEN,148839.25,0.3801,55115.174275,-1466.265008,5.0,11023.034855,1767107302686,2025-12-30 16:08:22
EIGEN,148885.62,0.3801,55087.6794,-1510.907509,5.0,11017.53588,1767107361621,2025-12-30 16:09:21
EIGEN,148254.7,0.3801,54809.76259,-1548.51649,5.0,10961.952518,1767107423977,2025-12-30 16:10:23
EIGEN,148296.64,0.3801,54899.416128,-1474.363976,5.0,10979.883225,1767107485588,2025-12-30 16:11:25
EIGEN,147502.33,0.3801,54561.111867,-1506.63635,5.0,10912.222373,1767107667665,2025-12-30 16:14:27
EIGEN,148136.68,0.38,54855.012604,-1447.645453,5.0,10971.00252,1767107818709,2025-12-30 16:16:58
EIGEN,148088.17,0.38,54866.666985,-1417.553761,5.0,10973.333397,1767107892819,2025-12-30 16:18:12
EIGEN,148501.12,0.38,54945.4144,-1491.680436,5.0,10989.08288,1767107956842,2025-12-30 16:19:16
EIGEN,148448.81,0.38,54955.749462,-1461.465224,5.0,10991.149892,1767108021421,2025-12-30 16:20:21
EIGEN,148895.19,0.38,55135.888857,-1446.496317,5.0,11027.177771,1767108145081,2025-12-30 16:22:25
EIGEN,124043.05,0.3761,44804.34966,-1849.644257,5.0,8960.869932,1767122132746,2025-12-30 20:15:32
EIGEN,123258.26,0.3761,44483.906034,-1874.919488,5.0,8896.781206,1767122272895,2025-12-30 20:17:52
EIGEN,123048.26,0.3761,44432.726686,-1847.115461,5.0,8886.545337,1767122431511,2025-12-30 20:20:31
EIGEN,123047.08,0.3761,44432.300588,-1847.097747,5.0,8886.460117,1767122587571,2025-12-30 20:23:07
EIGEN,123002.24,0.3761,44453.009536,-1809.523967,5.0,8890.601907,1767122659091,2025-12-30 20:24:19
EIGEN,122950.35,0.3761,44397.371385,-1845.645702,5.0,8879.474277,1767122719176,2025-12-30 20:25:19
EIGEN,122861.06,0.3761,44328.270448,-1881.163658,5.0,8865.654089,1767122783006,2025-12-30 20:26:23
EIGEN,122786.83,0.3761,44338.324313,-1842.449538,5.0,8867.664862,1767122966378,2025-12-30 20:29:26
EIGEN,122740.25,0.3761,44456.51855,-1706.736317,5.0,8891.30371,1767123041819,2025-12-30 20:30:41
EIGEN,123431.53,0.376,44694.557013,-1718.941214,5.0,8938.911402,1767123116039,2025-12-30 20:31:56
EIGEN,118230.4,0.3747,42361.95232,-1947.602871,5.0,8472.390464,1767126371861,2025-12-30 21:26:11
EIGEN,117873.04,0.3747,42186.761016,-1988.865314,5.0,8437.352203,1767126502693,2025-12-30 21:28:22
EIGEN,117601.55,0.3747,42077.83459,-1996.044632,5.0,8415.566918,1767126642412,2025-12-30 21:30:42
EIGEN,117651.34,0.3747,42154.475122,-1937.238878,5.0,8430.895024,1767126767173,2025-12-30 21:32:47
TURBO,853.0,0.002621,1.493603,-0.74211,3.0,0.497867,1766975469461,2025-12-29 03:31:09
BLAST,673.0,0.008052,0.479176,-4.940171,3.0,0.159725,1766975469461,2025-12-29 03:31:09
GOAT,234.0,0.046428,7.817004,-3.047148,3.0,2.605668,1766975469461,2025-12-29 03:31:09
MOODENG,245.0,0.094647,17.90607,-5.282445,3.0,5.96869,1766975469461,2025-12-29 03:31:09
GRASS,3.0,1.292,0.91095,-2.965053,3.0,0.30365,1766975469461,2025-12-29 03:31:09
PURR,121.0,0.087038,6.811332,-3.720354,3.0,2.270444,1766975469461,2025-12-29 03:31:09
PNUT,-50.1,0.17553,3.667821,5.126232,3.0,1.222607,1766975469461,2025-12-29 03:31:09
XLM,-3.0,0.30042,0.66933,0.23193,5.0,0.133866,1766975469461,2025-12-29 03:31:09
CHILLGUY,647.0,0.05289,10.488517,-23.731313,3.0,3.496172,1766975469461,2025-12-29 03:31:09
ME,2.1,1.5,0.441105,-2.708895,3.0,0.147035,1766975469461,2025-12-29 03:31:09
VIRTUAL,-744336.1,0.702,527481.220626,-4950.732646,5.0,105496.244125,1766975469461,2025-12-29 03:31:09
VIRTUAL,-795163.3,0.69586,541506.2073,11823.073774,5.0,108301.24146,1767106042548,2025-12-30 15:47:22
VIRTUAL,-795283.9,0.69586,546702.011377,6710.199869,5.0,109340.402275,1767106434601,2025-12-30 15:53:54
VIRTUAL,-798689.6,0.69583,548148.659376,7603.713762,5.0,109629.731875,1767106874950,2025-12-30 16:01:14
VIRTUAL,-799480.3,0.69581,544853.819253,11437.139692,5.0,108970.76385,1767107096986,2025-12-30 16:04:56
VIRTUAL,-801339.5,0.69578,546713.873875,10844.990966,5.0,109342.774775,1767107181389,2025-12-30 16:06:21
VIRTUAL,-802499.5,0.69576,546742.90935,11607.388691,5.0,109348.58187,1767107242568,2025-12-30 16:07:22
VIRTUAL,-804547.2,0.69572,548846.008896,10901.478544,5.0,109769.201779,1767107361621,2025-12-30 16:09:21
VIRTUAL,-805155.6,0.69571,549293.253432,10869.51568,5.0,109858.650686,1767107667665,2025-12-30 16:14:27
VIRTUAL,-805182.4,0.69571,549746.335424,10434.723348,5.0,109949.267084,1767107892819,2025-12-30 16:18:12
VIRTUAL,-809436.8,0.69565,552238.2568,10848.464756,5.0,110447.65136,1767107956842,2025-12-30 16:19:16
VIRTUAL,-759675.0,0.69551,513008.5275,15353.839526,5.0,102601.7055,1767122132746,2025-12-30 20:15:32
VIRTUAL,-759640.2,0.69551,512696.363784,15641.799456,5.0,102539.272756,1767122369341,2025-12-30 20:19:29
VIRTUAL,-761018.6,0.69547,514752.98104,14517.097154,5.0,102950.596208,1767122431511,2025-12-30 20:20:31
VIRTUAL,-766509.3,0.69534,519616.65447,13374.635835,5.0,103923.330894,1767122525806,2025-12-30 20:22:05
VIRTUAL,-789396.8,0.69483,535147.878656,13349.951389,5.0,107029.575731,1767122587571,2025-12-30 20:23:07
VIRTUAL,-790869.7,0.6948,537206.152422,12292.579448,5.0,107441.230484,1767122903422,2025-12-30 20:28:23
VIRTUAL,-851201.4,0.69373,577472.053788,13038.063895,5.0,115494.410757,1767126371861,2025-12-30 21:26:11
VIRTUAL,-851309.8,0.69373,576983.730048,13599.898567,5.0,115396.746009,1767126502693,2025-12-30 21:28:22
VIRTUAL,-851378.4,0.69373,576936.57276,13693.542645,5.0,115387.314552,1767126565179,2025-12-30 21:29:25
VIRTUAL,-851508.6,0.69373,576871.531242,13846.810721,5.0,115374.306248,1767126642412,2025-12-30 21:30:42
VIRTUAL,-851530.0,0.69373,577124.4575,13608.385959,5.0,115424.8915,1767126767173,2025-12-30 21:32:47
VIRTUAL,-852296.7,0.69371,577524.766887,13727.577158,5.0,115504.953377,1767126830887,2025-12-30 21:33:50
PENGU,-39174151.0,0.009172,371762.69299,-12425.872141,5.0,74352.538598,1766975469461,2025-12-29 03:31:09
PENGU,-39143523.0,0.009172,371002.310994,-11946.434796,5.0,74200.462198,1766975530826,2025-12-29 03:32:10
PENGU,-39082832.0,0.009172,370036.253376,-11531.578811,5.0,74007.250675,1766976363864,2025-12-29 03:46:03
PENGU,-20972870.0,0.009124,189133.34166,2239.230245,5.0,37826.668332,1767106042548,2025-12-30 15:47:22
PENGU,-20932157.0,0.009124,189080.174181,1920.901045,5.0,37816.034836,1767106210272,2025-12-30 15:50:10
PENGU,-25622075.0,0.009122,232725.307225,1002.85799,5.0,46545.061445,1767106874950,2025-12-30 16:01:14
PENGU,-25633097.0,0.009122,232543.455984,1284.700815,5.0,46508.691196,1767106935140,2025-12-30 16:02:15
PENGU,-25655710.0,0.009122,231696.71701,2336.100067,5.0,46339.343402,1767107016701,2025-12-30 16:03:36
PENGU,-25981609.0,0.00912,234328.131571,2643.931133,5.0,46865.626314,1767107096986,2025-12-30 16:04:56
PENGU,-26220421.0,0.009119,236455.756578,2671.561006,5.0,47291.151315,1767107181389,2025-12-30 16:06:21
PENGU,-26334046.0,0.009119,237375.090644,2777.436066,5.0,47475.018128,1767107242568,2025-12-30 16:07:22
PENGU,-26389531.0,0.009119,238297.46493,2355.64745,5.0,47659.492986,1767107302686,2025-12-30 16:08:22
PENGU,-26500446.0,0.009118,239113.524258,2540.817773,5.0,47822.704851,1767107423977,2025-12-30 16:10:23
PENGU,-26666731.0,0.009118,240987.248047,2168.75787,5.0,48197.449609,1767107485588,2025-12-30 16:11:25
PENGU,-26832949.0,0.009117,242489.360113,2168.314506,5.0,48497.872022,1767107546434,2025-12-30 16:12:26
PENGU,-26830281.0,0.009117,242331.097992,2302.250315,5.0,48466.219598,1767107605874,2025-12-30 16:13:25
PENGU,-26881610.0,0.009117,242552.76703,2543.990957,5.0,48510.553406,1767107667665,2025-12-30 16:14:27
PENGU,-27150279.0,0.009116,245139.869091,2381.357952,5.0,49027.973818,1767107729996,2025-12-30 16:15:29
PENGU,-27267639.0,0.009116,246308.583087,2272.995096,5.0,49261.716617,1767107818709,2025-12-30 16:16:58
PENGU,-27378419.0,0.009116,247391.394084,2191.247566,5.0,49478.278816,1767107892819,2025-12-30 16:18:12
PENGU,-27433824.0,0.009115,247699.996896,2383.228929,5.0,49539.999379,1767107956842,2025-12-30 16:19:16
PENGU,-27461500.0,0.009115,248087.191,2246.308893,5.0,49617.4382,1767108021421,2025-12-30 16:20:21
PENGU,-27523243.0,0.009115,248782.593477,2109.03764,5.0,49756.518695,1767108082262,2025-12-30 16:21:22
PENGU,-30370894.0,0.009111,272305.435604,4409.670236,5.0,54461.08712,1767122132746,2025-12-30 20:15:32
PENGU,-30313248.0,0.009111,271667.328576,4522.553376,5.0,54333.465715,1767122272895,2025-12-30 20:17:52
PENGU,-29597930.0,0.009111,265493.4321,4179.048809,5.0,53098.68642,1767122431511,2025-12-30 20:20:31
PENGU,-28841781.0,0.00911,258595.408446,4171.359778,5.0,51719.081689,1767122525806,2025-12-30 20:22:05
PENGU,-28768898.0,0.00911,258143.321754,3959.436491,5.0,51628.66435,1767122659091,2025-12-30 20:24:19
PENGU,-28657319.0,0.00911,257113.466068,3972.737296,5.0,51422.693213,1767122719176,2025-12-30 20:25:19
PENGU,-28635351.0,0.00911,257030.910576,3855.150486,5.0,51406.182115,1767122783006,2025-12-30 20:26:23
PENGU,-28633162.0,0.00911,257440.759542,3425.358352,5.0,51488.151908,1767122842970,2025-12-30 20:27:22
PENGU,-28577505.0,0.00911,256940.347455,3418.700157,5.0,51388.069491,1767122903422,2025-12-30 20:28:23
PENGU,-28563775.0,0.00911,257359.61275,2874.345924,5.0,51471.92255,1767123041819,2025-12-30 20:30:41
PENGU,-28552651.0,0.00911,257116.622255,3015.98978,5.0,51423.324451,1767123116039,2025-12-30 20:31:56
PENGU,-27378264.0,0.009109,245446.13676,3965.896287,5.0,49089.227352,1767126371861,2025-12-30 21:26:11
PENGU,-27383828.0,0.009109,245140.028256,4321.813719,5.0,49028.005651,1767126502693,2025-12-30 21:28:22
PENGU,-27395297.0,0.009109,245324.884635,4239.619709,5.0,49064.976927,1767126705455,2025-12-30 21:31:45
PENGU,-27392738.0,0.009109,245219.790576,4321.401899,5.0,49043.958115,1767126767173,2025-12-30 21:32:47
PENGU,-27390923.0,0.009109,245176.151773,4348.506492,5.0,49035.230354,1767126830887,2025-12-30 21:33:50
USUAL,17.7,0.15174,0.456129,-2.229669,3.0,0.152043,1766975469461,2025-12-29 03:31:09
FARTCOIN,-7162078.6,0.30031,2261569.559522,-110691.661008,3.0,753856.51984,1766975469461,2025-12-29 03:31:09
FARTCOIN,-7171608.9,0.30035,2267877.882447,-113838.087149,3.0,755959.294149,1766976363864,2025-12-29 03:46:03
FARTCOIN,-7174776.0,0.30036,2267946.6936,-112905.999689,3.0,755982.2312,1766976425315,2025-12-29 03:47:05
FARTCOIN,-8178179.4,0.29655,2355806.357964,69469.469865,3.0,785268.785988,1767106042548,2025-12-30 15:47:22
FARTCOIN,-8174738.5,0.29655,2380156.86166,44098.551821,3.0,793385.620553,1767106404391,2025-12-30 15:53:24
FARTCOIN,-8178172.5,0.29655,2379439.288875,45817.410326,3.0,793146.429625,1767106434601,2025-12-30 15:53:54
FARTCOIN,-8169170.0,0.29654,2379924.2961,42605.5674,3.0,793308.0987,1767106874950,2025-12-30 16:01:14
FARTCOIN,-8165709.4,0.29654,2362666.357796,58837.280659,3.0,787555.452598,1767107096986,2025-12-30 16:04:56
FARTCOIN,-8169165.7,0.29654,2373224.327507,49280.39368,3.0,791074.775835,1767107485588,2025-12-30 16:11:25
FARTCOIN,-8165714.0,0.29654,2368138.71714,53342.428341,3.0,789379.57238,1767107956842,2025-12-30 16:19:16
FARTCOIN,-8014441.6,0.29649,2347109.366976,29142.623884,3.0,782369.788992,1767122132746,2025-12-30 20:15:32
FARTCOIN,-8024662.4,0.29649,2355238.4144,24016.549556,3.0,785079.471466,1767122369341,2025-12-30 20:19:29
FARTCOIN,-8021257.4,0.29649,2357768.400156,20477.005671,3.0,785922.800052,1767122659091,2025-12-30 20:24:19
FARTCOIN,-8022193.8,0.29649,2357161.204254,21359.400169,3.0,785720.401418,1767122719176,2025-12-30 20:25:19
FARTCOIN,-8018795.3,0.29649,2362337.09538,15175.87915,3.0,787445.69846,1767122842970,2025-12-30 20:27:22
FARTCOIN,-8022189.9,0.29649,2354673.179448,23840.760784,3.0,784891.059816,1767122903422,2025-12-30 20:28:23
FARTCOIN,-8023133.8,0.29649,2357918.792482,20872.382098,3.0,785972.930827,1767122966378,2025-12-30 20:29:26
FARTCOIN,-8013689.0,0.29646,2332464.32034,43307.781665,3.0,777488.10678,1767126371861,2025-12-30 21:26:11
FARTCOIN,-8021686.9,0.29645,2329096.791415,49001.588837,3.0,776365.597138,1767126502693,2025-12-30 21:28:22
FARTCOIN,-8021269.7,0.29645,2331542.463699,46432.234006,3.0,777180.821233,1767126565179,2025-12-30 21:29:25
FARTCOIN,-8006922.6,0.29645,2321607.20787,52114.168091,3.0,773869.06929,1767126642412,2025-12-30 21:30:42
FARTCOIN,-8007940.9,0.29645,2322623.178636,51393.707985,3.0,774207.726212,1767126705455,2025-12-30 21:31:45
FARTCOIN,-8005662.9,0.29645,2322682.977177,50658.578476,3.0,774227.659059,1767126767173,2025-12-30 21:32:47
AIXBT,-282143.0,0.03188,9023.497426,-28.581834,3.0,3007.832475,1766975469461,2025-12-29 03:31:09
AIXBT,-281644.0,0.03188,9014.01622,-35.009096,3.0,3004.672073,1766975530826,2025-12-29 03:32:10
AIXBT,-279462.0,0.03188,8923.22166,-13.778219,3.0,2974.40722,1766976363864,2025-12-29 03:46:03
AIXBT,-280599.0,0.03188,8957.561877,-11.821985,3.0,2985.853959,1766976425315,2025-12-29 03:47:05
AIXBT,-484471.0,0.030647,14494.887849,352.763173,3.0,4831.629283,1767106042548,2025-12-30 15:47:22
AIXBT,-501091.0,0.030629,15134.451473,213.81235,3.0,5044.817157,1767106874950,2025-12-30 16:01:14
AIXBT,-506029.0,0.030623,15168.219275,328.209238,3.0,5056.073091,1767107096986,2025-12-30 16:04:56
AIXBT,-507035.0,0.030622,15196.345985,330.296732,3.0,5065.448661,1767107181389,2025-12-30 16:06:21
AIXBT,-506378.0,0.030622,15211.59512,294.928661,3.0,5070.531706,1767107485588,2025-12-30 16:11:25
AIXBT,-506882.0,0.030621,15227.749044,293.911873,3.0,5075.916348,1767107729996,2025-12-30 16:15:29
AIXBT,-507499.0,0.030621,15263.539924,276.677885,3.0,5087.846641,1767107892819,2025-12-30 16:18:12
AIXBT,-551941.0,0.030521,16468.815558,376.97853,3.0,5489.605186,1767122132746,2025-12-30 20:15:32
AIXBT,-550028.0,0.030521,16417.785772,369.621632,3.0,5472.595257,1767122369341,2025-12-30 20:19:29
AIXBT,-549279.0,0.030521,16444.863981,319.68319,3.0,5481.621327,1767122783006,2025-12-30 20:26:23
AIXBT,-547452.0,0.030521,16450.9326,257.852694,3.0,5483.6442,1767123116039,2025-12-30 20:31:56
AIXBT,-531727.0,0.030518,16014.022059,213.697669,3.0,5338.007353,1767126371861,2025-12-30 21:26:11
AIXBT,-532339.0,0.030518,16019.145188,227.007368,3.0,5339.715062,1767126502693,2025-12-30 21:28:22
AIXBT,-531838.0,0.030518,16002.473582,228.389238,3.0,5334.15786,1767126642412,2025-12-30 21:30:42
GRIFFAIN,-6298309.0,0.016572,102095.58889,2286.256671,3.0,34031.862963,1766975469461,2025-12-29 03:31:09
GRIFFAIN,-6294713.0,0.016572,101697.383228,2624.86584,3.0,33899.127742,1766976363864,2025-12-29 03:46:03
GRIFFAIN,-6583443.0,0.016453,112807.295805,-4486.68377,3.0,37602.431935,1767106042548,2025-12-30 15:47:22
GRIFFAIN,-6582308.0,0.016453,112814.176812,-4512.239488,3.0,37604.725604,1767106210272,2025-12-30 15:50:10
GRIFFAIN,-6581320.0,0.016453,114482.0614,-6196.380124,3.0,38160.687133,1767107605874,2025-12-30 16:13:25
GRIFFAIN,-6539130.0,0.016453,116396.514,-8805.005459,3.0,38798.838,1767122132746,2025-12-30 20:15:32
SPX,-822217.0,0.49211,421369.76816,-16744.240513,5.0,84273.953632,1766975469461,2025-12-29 03:31:09
SPX,-835086.0,0.49241,428181.99564,-16970.271653,5.0,85636.399128,1766976363864,2025-12-29 03:46:03
SPX,-882112.5,0.49227,427621.676625,6619.784239,5.0,85524.335325,1767106042548,2025-12-30 15:47:22
SPX,-881999.2,0.49227,427328.6124,6857.073766,5.0,85465.72248,1767106071954,2025-12-30 15:47:51
SPX,-881772.7,0.49227,428453.35493,5620.831068,5.0,85690.670986,1767106210272,2025-12-30 15:50:10
SPX,-887950.9,0.49229,436321.313242,808.338593,5.0,87264.262648,1767106874950,2025-12-30 16:01:14
SPX,-887977.9,0.49229,436512.176082,630.755973,5.0,87302.435216,1767106935140,2025-12-30 16:02:15
SPX,-877123.7,0.49227,423685.832048,8103.456035,5.0,84737.166409,1767122132746,2025-12-30 20:15:32
SPX,-877088.4,0.49227,423423.195984,8348.714661,5.0,84684.639196,1767122272895,2025-12-30 20:17:52
SPX,-877057.0,0.49227,425100.75733,6655.695764,5.0,85020.151466,1767122587571,2025-12-30 20:23:07
SPX,-877017.7,0.49227,425651.770518,6085.336024,5.0,85130.354103,1767122966378,2025-12-30 20:29:26
SPX,-877105.4,0.49227,423334.92131,8443.946728,5.0,84666.984262,1767126371861,2025-12-30 21:26:11
SPX,-877197.6,0.49227,422414.50428,9408.774654,5.0,84482.900856,1767126502693,2025-12-30 21:28:22
SPX,-878237.7,0.49226,422669.457879,9654.358779,5.0,84533.891575,1767126767173,2025-12-30 21:32:47
MORPHO,9.4,1.3726,11.30444,-1.598,5.0,2.260888,1766975469461,2025-12-29 03:31:09
TRUMP,38603.9,4.91015,191579.57453,2028.565464,10.0,19157.957453,1766975469461,2025-12-29 03:31:09
TRUMP,38579.5,4.91015,191585.797,2154.595639,10.0,19158.5797,1766976363864,2025-12-29 03:46:03
TRUMP,9140.7,4.91063,45151.40172,264.729761,10.0,4515.140172,1767106042548,2025-12-30 15:47:22
TRUMP,9087.3,4.91063,44857.63899,233.195119,10.0,4485.763899,1767106071954,2025-12-30 15:47:51
TRUMP,9077.7,4.91063,44882.87211,305.570368,10.0,4488.287211,1767106210272,2025-12-30 15:50:10
TRUMP,8926.0,4.91063,44172.0962,339.738296,10.0,4417.20962,1767106240998,2025-12-30 15:50:40
TRUMP,8167.9,4.91063,40491.54746,381.944491,10.0,4049.154746,1767106374781,2025-12-30 15:52:54
TRUMP,8016.6,4.91063,39744.69948,378.076094,10.0,3974.469948,1767106434601,2025-12-30 15:53:54
TRUMP,7864.7,4.91063,38829.59684,208.89942,10.0,3882.959684,1767107016701,2025-12-30 16:03:36
TRUMP,7712.1,4.91063,37922.70933,51.375322,10.0,3792.270933,1767107423977,2025-12-30 16:10:23
TRUMP,7407.0,4.91063,36437.2551,64.156854,10.0,3643.72551,1767107485588,2025-12-30 16:11:25
TRUMP,7254.2,4.91063,35630.45414,7.701434,10.0,3563.045414,1767107667665,2025-12-30 16:14:27
TRUMP,7101.4,4.91063,34898.41002,26.002854,10.0,3489.841002,1767107729996,2025-12-30 16:15:29
TRUMP,6948.8,4.91063,34188.096,65.052246,10.0,3418.8096,1767107956842,2025-12-30 16:19:16
TRUMP,6796.3,4.91063,33458.1849,84.013495,10.0,3345.81849,1767108021421,2025-12-30 16:20:21
TRUMP,6643.9,4.91063,32711.24165,85.45153,10.0,3271.124165,1767108145081,2025-12-30 16:22:25
TRUMP,2674.3,4.91112,13129.20842,-4.624203,10.0,1312.920842,1767122132746,2025-12-30 20:15:32
TRUMP,2670.4,4.91112,13119.94224,5.263021,10.0,1311.994224,1767122431511,2025-12-30 20:20:31
TRUMP,2667.1,4.91112,13105.06256,6.590068,10.0,1310.506256,1767122719176,2025-12-30 20:25:19
TRUMP,2662.3,4.91112,13081.21105,6.311978,10.0,1308.121105,1767122783006,2025-12-30 20:26:23
TRUMP,2657.2,4.91112,13061.20088,11.348567,10.0,1306.120088,1767122903422,2025-12-30 20:28:23
TRUMP,2653.8,4.91112,13049.79612,16.641647,10.0,1304.979612,1767122966378,2025-12-30 20:29:26
TRUMP,2202.7,4.91112,10832.8786,15.134479,10.0,1083.28786,1767123116039,2025-12-30 20:31:56
TRUMP,-3427.0,4.92117,16855.3568,9.49709,10.0,1685.53568,1767126371861,2025-12-30 21:26:11
TRUMP,-3434.7,4.92116,16887.38949,15.33946,10.0,1688.738949,1767126502693,2025-12-30 21:28:22
TRUMP,-3438.3,4.92116,16901.30748,19.11763,10.0,1690.130748,1767126565179,2025-12-30 21:29:25
TRUMP,-3449.7,4.92114,16960.45005,16.02316,10.0,1696.045005,1767126642412,2025-12-30 21:30:42
TRUMP,-3477.6,4.9211,17098.66368,14.96314,10.0,1709.866368,1767126705455,2025-12-30 21:31:45
TRUMP,-3481.4,4.92109,17112.47356,19.83254,10.0,1711.247356,1767126830887,2025-12-30 21:33:50
MELANIA,1521440.8,0.11323,177247.8532,4968.25286,3.0,59082.617733,1766975469461,2025-12-29 03:31:09
MELANIA,1524632.6,0.11356,182041.13244,8900.179322,3.0,60680.37748,1767106042548,2025-12-30 15:47:22
MELANIA,1521690.1,0.11356,181918.051455,9111.255731,3.0,60639.350485,1767106210272,2025-12-30 15:50:10
MELANIA,1521830.2,0.11356,181767.399088,8943.88383,3.0,60589.133029,1767107485588,2025-12-30 16:11:25
MELANIA,1526460.7,0.11358,182305.201401,8921.461237,3.0,60768.400467,1767122132746,2025-12-30 20:15:32
BERA,-1.5,2.5898,0.963825,2.920875,5.0,0.192765,1766975469461,2025-12-29 03:31:09
TST,41.0,0.074235,0.738861,-2.304774,3.0,0.246287,1766975469461,2025-12-29 03:31:09
LAYER,6.0,1.141,1.0176,-5.8284,3.0,0.3392,1766975469461,2025-12-29 03:31:09
IP,-256091.2,1.54671,408567.90048,-12468.441468,3.0,136189.30016,1766975469461,2025-12-29 03:31:09
IP,-256079.9,1.54671,408037.71266,-11955.7315,3.0,136012.570886,1766975530826,2025-12-29 03:32:10
IP,-262835.7,1.54784,418828.68795,-12000.43144,3.0,139609.56265,1766976363864,2025-12-29 03:46:03
IP,-262790.4,1.54784,418914.17664,-12156.037394,3.0,139638.05888,1766976425315,2025-12-29 03:47:05
IP,-332257.6,1.56053,501708.976,16791.251419,3.0,167236.325333,1767106042548,2025-12-30 15:47:22
IP,-332107.6,1.56053,501681.74056,16584.406331,3.0,167227.246853,1767106071954,2025-12-30 15:47:51
IP,-331787.6,1.56053,501994.6388,15772.136298,3.0,167331.546266,1767106210272,2025-12-30 15:50:10
IP,-331004.5,1.56053,504781.8625,11762.856189,3.0,168260.620833,1767106374781,2025-12-30 15:52:54
IP,-329046.2,1.56053,502519.35664,10969.362739,3.0,167506.452213,1767106404391,2025-12-30 15:53:24
IP,-329675.2,1.56039,504567.8936,9855.818137,3.0,168189.297866,1767106874950,2025-12-30 16:01:14
IP,-329653.8,1.56039,503546.1795,10844.139772,3.0,167848.7265,1767106935140,2025-12-30 16:02:15
IP,-329674.8,1.56039,501798.01308,12624.329092,3.0,167266.00436,1767107016701,2025-12-30 16:03:36
IP,-329510.3,1.56039,500690.90085,13474.756627,3.0,166896.96695,1767107096986,2025-12-30 16:04:56
IP,-329494.9,1.56039,499514.2684,14627.35902,3.0,166504.756133,1767107242568,2025-12-30 16:07:22
IP,-329472.6,1.56039,499348.67256,14758.158089,3.0,166449.55752,1767107423977,2025-12-30 16:10:23
IP,-329463.1,1.56039,500124.9858,13967.021112,3.0,166708.3286,1767107485588,2025-12-30 16:11:25
IP,-329428.3,1.56039,499643.90261,14393.802615,3.0,166547.967536,1767107729996,2025-12-30 16:15:29
IP,-329404.5,1.56039,499838.3883,14162.179564,3.0,166612.7961,1767107818709,2025-12-30 16:16:58
IP,-329394.4,1.56039,499790.12312,14194.684771,3.0,166596.707706,1767107892819,2025-12-30 16:18:12
IP,-329374.4,1.56039,499364.52784,14589.072185,3.0,166454.842613,1767107956842,2025-12-30 16:19:16
IP,-329354.4,1.56039,499268.33496,14654.057199,3.0,166422.77832,1767108082262,2025-12-30 16:21:22
IP,-330990.3,1.56004,503436.2463,12922.047993,3.0,167812.0821,1767122132746,2025-12-30 20:15:32
IP,-330978.6,1.56004,503352.25488,12987.786938,3.0,167784.08496,1767122431511,2025-12-30 20:20:31
IP,-330935.3,1.56004,503551.15248,12721.33958,3.0,167850.38416,1767122525806,2025-12-30 20:22:05
IP,-330928.2,1.56003,503705.81322,12555.126047,3.0,167901.93774,1767122587571,2025-12-30 20:23:07
IP,-330946.3,1.56003,503733.36323,12555.151387,3.0,167911.121076,1767122659091,2025-12-30 20:24:19
IP,-332475.1,1.55988,507290.50758,11331.138337,3.0,169096.83586,1767122903422,2025-12-30 20:28:23
IP,-337007.1,1.55952,517272.19779,8297.195767,3.0,172424.06593,1767122966378,2025-12-30 20:29:26
IP,-340524.3,1.55929,522500.48592,8477.308727,3.0,174166.82864,1767123041819,2025-12-30 20:30:41
IP,-333101.1,1.5592,510677.29641,8694.527443,3.0,170225.76547,1767126371861,2025-12-30 21:26:11
IP,-333068.1,1.5592,510426.86325,8893.506944,3.0,170142.28775,1767126502693,2025-12-30 21:28:22
IP,-333048.1,1.5592,510063.16515,9226.021008,3.0,170021.05505,1767126565179,2025-12-30 21:29:25
IP,-332864.6,1.5592,509316.12446,9686.948173,3.0,169772.041486,1767126642412,2025-12-30 21:30:42
IP,-332844.6,1.5592,509618.36706,9353.521537,3.0,169872.78902,1767126767173,2025-12-30 21:32:47
KAITO,4.0,0.924478,2.13728,-1.560632,5.0,0.427456,1766975469461,2025-12-29 03:31:09
PAXG,-14.019,4518.687,63459.8073,-112.324582,5.0,12691.96146,1766975469461,2025-12-29 03:31:09
PAXG,-14.724,4519.023,66631.9896,-93.884882,5.0,13326.39792,1766975530826,2025-12-29 03:32:10
PAXG,-15.369,4519.675,69620.0331,-157.134781,5.0,13924.00662,1766976363864,2025-12-29 03:46:03
PAXG,-15.426,4519.712,69887.493,-166.402181,5.0,13977.4986,1766976425315,2025-12-29 03:47:05
PAXG,-130.32,4367.804,570580.056,-1367.738798,5.0,114116.0112,1767106042548,2025-12-30 15:47:22
PAXG,-130.316,4367.804,570562.5428,-1367.696818,5.0,114112.50856,1767106210272,2025-12-30 15:50:10
PAXG,-130.544,4367.838,572618.2016,-2423.096818,5.0,114523.64032,1767106374781,2025-12-30 15:52:54
PAXG,-130.772,4367.871,573683.6868,-2488.391618,5.0,114736.73736,1767106404391,2025-12-30 15:53:24
PAXG,-131.903,4368.022,578302.3229,-2147.005362,5.0,115660.46458,1767106874950,2025-12-30 16:01:14
PAXG,-131.915,4368.024,578407.7005,-2199.765362,5.0,115681.5401,1767106935140,2025-12-30 16:02:15
PAXG,-132.587,4368.079,580770.8361,-1620.311362,5.0,116154.16722,1767107096986,2025-12-30 16:04:56
PAXG,-132.592,4368.079,581376.1424,-2203.694162,5.0,116275.22848,1767107181389,2025-12-30 16:06:21
PAXG,-132.604,4368.081,581839.8312,-2614.736562,5.0,116367.96624,1767107242568,2025-12-30 16:07:22
PAXG,-132.616,4368.083,581746.6072,-2468.873962,5.0,116349.32144,1767107302686,2025-12-30 16:08:22
PAXG,-132.63,4368.085,581993.703,-2654.542362,5.0,116398.7406,1767107361621,2025-12-30 16:09:21
PAXG,-132.402,4368.085,580410.6474,-2067.410223,5.0,116082.12948,1767107423977,2025-12-30 16:10:23
PAXG,-131.946,4368.085,578913.075,-2561.684745,5.0,115782.615,1767107485588,2025-12-30 16:11:25
PAXG,-132.174,4368.113,579596.2074,-2245.173945,5.0,115919.24148,1767107546434,2025-12-30 16:12:26
PAXG,-132.19,4368.115,579243.361,-1822.183345,5.0,115848.6722,1767107605874,2025-12-30 16:13:25
PAXG,-132.424,4368.143,580533.5736,-2086.588545,5.0,116106.71472,1767107667665,2025-12-30 16:14:27
PAXG,-132.43,4368.143,581010.139,-2536.842745,5.0,116202.0278,1767107729996,2025-12-30 16:15:29
PAXG,-132.436,4368.144,581036.4628,-2536.842745,5.0,116207.29256,1767107818709,2025-12-30 16:16:58
PAXG,-132.442,4368.145,581234.9612,-2709.016145,5.0,116246.99224,1767107892819,2025-12-30 16:18:12
PAXG,-132.448,4368.146,581049.376,-2497.105345,5.0,116209.8752,1767107956842,2025-12-30 16:19:16
PAXG,-132.226,4368.147,580511.8078,-2929.147956,5.0,116102.36156,1767108021421,2025-12-30 16:20:21
PAXG,-132.232,4368.148,580485.2568,-2876.257556,5.0,116097.05136,1767108082262,2025-12-30 16:21:22
PAXG,-132.237,4368.149,580189.8375,-2558.898256,5.0,116037.9675,1767108145081,2025-12-30 16:22:25
PAXG,-32.699,4371.985,143293.5578,-333.999789,5.0,28658.71156,1767122132746,2025-12-30 20:15:32
PAXG,-32.471,4371.985,142287.922,-325.176713,5.0,28457.5844,1767122272895,2025-12-30 20:17:52
PAXG,-32.375,4371.985,141841.35,-298.315334,5.0,28368.27,1767122369341,2025-12-30 20:19:29
PAXG,-32.288,4371.985,141450.4992,-287.827284,5.0,28290.09984,1767122431511,2025-12-30 20:20:31
PAXG,-32.005,4371.985,140217.1055,-291.705518,5.0,28043.4211,1767122587571,2025-12-30 20:23:07
PAXG,-31.988,4371.985,140152.2232,-301.146975,5.0,28030.44464,1767122842970,2025-12-30 20:27:22
PAXG,-31.971,4371.985,140052.1626,-275.410132,5.0,28010.43252,1767122903422,2025-12-30 20:28:23
PAXG,-31.849,4371.985,139549.5784,-306.20818,5.0,27909.91568,1767122966378,2025-12-30 20:29:26
PAXG,-31.855,4371.987,139575.868,-306.20818,5.0,27915.1736,1767123041819,2025-12-30 20:30:41
PAXG,-22.602,4371.791,98707.4544,103.788063,5.0,19741.49088,1767126371861,2025-12-30 21:26:11
PAXG,-22.624,4371.787,98837.4688,69.858663,5.0,19767.49376,1767126642412,2025-12-30 21:30:42
PAXG,-22.465,4371.787,98181.036,31.177199,5.0,19636.2072,1767126767173,2025-12-30 21:32:47
PAXG,-22.694,4371.775,99184.127,28.953599,5.0,19836.8254,1767126830887,2025-12-30 21:33:50
ZORA,-14443844.0,0.04167,628596.09088,-26717.802012,3.0,209532.030293,1766975469461,2025-12-29 03:31:09
ZORA,-14444482.0,0.04167,627251.63085,-25345.608122,3.0,209083.87695,1766975530826,2025-12-29 03:32:10
ZORA,-14459697.0,0.041673,623733.489792,-21151.543722,3.0,207911.163264,1766976363864,2025-12-29 03:46:03
ZORA,-14467074.0,0.041673,624283.177248,-21382.965272,3.0,208094.392416,1766976425315,2025-12-29 03:47:05
ZORA,-8036543.0,0.041723,312123.257034,23186.734185,3.0,104041.085678,1767106042548,2025-12-30 15:47:22
ZORA,-8036225.0,0.041723,312062.6892,23234.034053,3.0,104020.8964,1767106071954,2025-12-30 15:47:51
ZORA,-8034953.0,0.041723,312382.902734,22860.748655,3.0,104127.634244,1767106210272,2025-12-30 15:50:10
ZORA,-8034636.0,0.041723,312924.968292,22305.456854,3.0,104308.322764,1767106240998,2025-12-30 15:50:40
ZORA,-8033368.0,0.041723,313783.35408,21394.166094,3.0,104594.45136,1767106374781,2025-12-30 15:52:54
ZORA,-8033052.0,0.041723,313923.639108,21240.696546,3.0,104641.213036,1767106434601,2025-12-30 15:53:54
ZORA,-8043050.0,0.041719,314636.07295,20912.127538,3.0,104878.690983,1767106874950,2025-12-30 16:01:14
ZORA,-8042143.0,0.041719,313563.15557,21947.205762,3.0,104521.051856,1767107181389,2025-12-30 16:06:21
ZORA,-8041826.0,0.041719,313148.70444,22348.431961,3.0,104382.90148,1767107242568,2025-12-30 16:07:22
ZORA,-8041509.0,0.041719,313449.979311,22033.932159,3.0,104483.326437,1767107302686,2025-12-30 16:08:22
ZORA,-8041192.0,0.041719,313148.140056,22322.546483,3.0,104382.713352,1767107423977,2025-12-30 16:10:23
ZORA,-8040875.0,0.041719,313489.593625,21967.867983,3.0,104496.531208,1767107485588,2025-12-30 16:11:25
ZORA,-8040558.0,0.041719,313420.95084,22023.285837,3.0,104473.65028,1767107546434,2025-12-30 16:12:26
ZORA,-8040241.0,0.041719,313231.708878,22199.302868,3.0,104410.569626,1767107605874,2025-12-30 16:13:25
ZORA,-8039924.0,0.041719,312576.165272,22841.621543,3.0,104192.05509,1767107667665,2025-12-30 16:14:27
ZORA,-8039382.0,0.041719,312884.708058,22510.467045,3.0,104294.902686,1767107729996,2025-12-30 16:15:29
ZORA,-8039064.0,0.041719,312816.058368,22565.850085,3.0,104272.019456,1767107818709,2025-12-30 16:16:58
ZORA,-8038430.0,0.041719,313016.4642,22338.994391,3.0,104338.8214,1767107892819,2025-12-30 16:18:12
ZORA,-8037796.0,0.041719,312831.02032,22497.988409,3.0,104277.006773,1767107956842,2025-12-30 16:19:16
ZORA,-8036608.0,0.041719,313291.089664,21988.356863,3.0,104430.363221,1767108021421,2025-12-30 16:20:21
ZORA,-8035874.0,0.041719,313037.47167,22211.353092,3.0,104345.82389,1767108082262,2025-12-30 16:21:22
ZORA,-8035557.0,0.041719,313065.30072,22170.299111,3.0,104355.10024,1767108145081,2025-12-30 16:22:25
ZORA,-6839423.0,0.041698,264630.954716,20562.623261,3.0,88210.318238,1767122132746,2025-12-30 20:15:32
ZORA,-6838939.0,0.041698,264578.033093,20595.362817,3.0,88192.677697,1767122272895,2025-12-30 20:17:52
ZORA,-6837313.0,0.041698,264371.544458,20734.049713,3.0,88123.848152,1767122369341,2025-12-30 20:19:29
ZORA,-6836923.0,0.041698,264670.963176,20418.368585,3.0,88223.654392,1767122525806,2025-12-30 20:22:05
ZORA,-6835541.0,0.041698,264822.529422,20209.175031,3.0,88274.176474,1767122719176,2025-12-30 20:25:19
ZORA,-6835060.0,0.041698,264776.55428,20235.093201,3.0,88258.851426,1767122783006,2025-12-30 20:26:23
ZORA,-6834177.0,0.041698,265234.40937,19740.418348,3.0,88411.46979,1767122842970,2025-12-30 20:27:22
ZORA,-6833723.0,0.041698,265257.791968,19698.104637,3.0,88419.263989,1767122903422,2025-12-30 20:28:23
ZORA,-6782322.0,0.041698,263493.2097,19319.343072,3.0,87831.0699,1767123041819,2025-12-30 20:30:41
ZORA,-6779805.0,0.041698,263307.286785,19400.310899,3.0,87769.095595,1767123116039,2025-12-30 20:31:56
ZORA,-6787656.0,0.041691,263632.55904,19356.562828,3.0,87877.51968,1767126371861,2025-12-30 21:26:11
ZORA,-6788088.0,0.041691,263343.87396,19662.02938,3.0,87781.29132,1767126502693,2025-12-30 21:28:22
ZORA,-6789555.0,0.04169,263319.311565,19743.505507,3.0,87773.103855,1767126642412,2025-12-30 21:30:42
ZORA,-6790425.0,0.04169,263373.42405,19723.13938,3.0,87791.14135,1767126705455,2025-12-30 21:31:45
ZORA,-6791397.0,0.04169,263458.663821,19675.610293,3.0,87819.554607,1767126830887,2025-12-30 21:33:50
SOPH,112.0,0.053636,1.418816,-4.58851,3.0,0.472938,1766975469461,2025-12-29 03:31:09
YZY,2.0,0.373138,0.71524,-0.031037,3.0,0.238413,1766975469461,2025-12-29 03:31:09
XPL,-17722531.0,0.150328,2889481.45424,-225282.064442,5.0,577896.290848,1766975469461,2025-12-29 03:31:09
XPL,-17684305.0,0.150328,2883956.4594,-225503.52229,5.0,576791.29188,1766975530826,2025-12-29 03:32:10
XPL,-17543964.0,0.150335,2854402.9428,-216928.393982,5.0,570880.58856,1766976363864,2025-12-29 03:46:03
XPL,-17537513.0,0.150335,2859842.24491,-223337.50818,5.0,571968.448982,1766976425315,2025-12-29 03:47:05
XPL,-15596136.0,0.154758,2344567.12488,69060.501671,5.0,468913.424976,1767106042548,2025-12-30 15:47:22
XPL,-15582098.0,0.154758,2343547.5392,67907.593816,5.0,468709.50784,1767106071954,2025-12-30 15:47:51
XPL,-15500135.0,0.154758,2336490.3499,62280.348888,5.0,467298.06998,1767106210272,2025-12-30 15:50:10
XPL,-15499756.0,0.154756,2338138.1926,60550.046116,5.0,467627.63852,1767106240998,2025-12-30 15:50:40
XPL,-15483167.0,0.154751,2346164.29551,49877.538637,5.0,469232.859102,1767106374781,2025-12-30 15:52:54
XPL,-15477647.0,0.154751,2343934.86168,51252.527541,5.0,468786.972336,1767106404391,2025-12-30 15:53:24
XPL,-15478004.0,0.154751,2346465.4064,48776.023251,5.0,469293.08128,1767106434601,2025-12-30 15:53:54
XPL,-15199932.0,0.154744,2299901.71092,52202.139503,5.0,459980.342184,1767106874950,2025-12-30 16:01:14
XPL,-15206937.0,0.154742,2302026.12306,51136.968803,5.0,460405.224612,1767106935140,2025-12-30 16:02:15
XPL,-15246647.0,0.154733,2296602.43761,62559.959943,5.0,459320.487522,1767107016701,2025-12-30 16:03:36
XPL,-15246088.0,0.154733,2295603.47016,63471.705182,5.0,459120.694032,1767107096986,2025-12-30 16:04:56
XPL,-15251425.0,0.15473,2296864.605,62995.004447,5.0,459372.921,1767107181389,2025-12-30 16:06:21
XPL,-15242251.0,0.154728,2295483.0006,62927.301633,5.0,459096.60012,1767107242568,2025-12-30 16:07:22
XPL,-15233295.0,0.154728,2299313.5473,57711.006681,5.0,459862.70946,1767107302686,2025-12-30 16:08:22
XPL,-15198422.0,0.154728,2289794.25852,61834.449234,5.0,457958.851704,1767107423977,2025-12-30 16:10:23
XPL,-15140339.0,0.154727,2283011.71781,59618.62526,5.0,456602.343562,1767107485588,2025-12-30 16:11:25
XPL,-15128073.0,0.154727,2280859.56621,59872.886475,5.0,456171.913242,1767107546434,2025-12-30 16:12:26
XPL,-15128358.0,0.154727,2279238.41628,61536.990765,5.0,455847.683256,1767107667665,2025-12-30 16:14:27
XPL,-15098033.0,0.154727,2276028.47475,60049.251892,5.0,455205.69495,1767107818709,2025-12-30 16:16:58
XPL,-15115091.0,0.154722,2281622.98645,57026.139935,5.0,456324.59729,1767107892819,2025-12-30 16:18:12
XPL,-15114428.0,0.154722,2281371.76232,57172.188667,5.0,456274.352464,1767107956842,2025-12-30 16:19:16
XPL,-15093640.0,0.154722,2278384.958,56942.61909,5.0,455676.9916,1767108021421,2025-12-30 16:20:21
XPL,-15092978.0,0.154722,2279039.678,56185.472713,5.0,455807.9356,1767108082262,2025-12-30 16:21:22
XPL,-14791713.0,0.154525,2212544.43054,73154.930163,5.0,442508.886108,1767122132746,2025-12-30 20:15:32
XPL,-14781107.0,0.154525,2206228.03082,77832.032861,5.0,441245.606164,1767122369341,2025-12-30 20:19:29
XPL,-14787798.0,0.154523,2210480.04504,74580.055501,5.0,442096.009008,1767122431511,2025-12-30 20:20:31
XPL,-14794761.0,0.154521,2211668.82189,74433.000421,5.0,442333.764378,1767122525806,2025-12-30 20:22:05
XPL,-14800863.0,0.154518,2209472.82864,77541.006731,5.0,441894.565728,1767122587571,2025-12-30 20:23:07
XPL,-14808018.0,0.154516,2212762.12974,75321.521231,5.0,442552.425948,1767122783006,2025-12-30 20:26:23
XPL,-14808687.0,0.154516,2213602.53276,74581.187231,5.0,442720.506552,1767122966378,2025-12-30 20:29:26
XPL,-14810535.0,0.154515,2213434.45575,75025.168741,5.0,442686.89115,1767123041819,2025-12-30 20:30:41
XPL,-15033997.0,0.154403,2283964.82424,37339.869328,5.0,456792.964848,1767126371861,2025-12-30 21:26:11
XPL,-15053462.0,0.154399,2285266.06622,38977.478098,5.0,457053.213244,1767126502693,2025-12-30 21:28:22
XPL,-15042493.0,0.154399,2284052.13712,38495.280942,5.0,456810.427424,1767126565179,2025-12-30 21:29:25
XPL,-15046572.0,0.154397,2285273.35536,37881.491103,5.0,457054.671072,1767126642412,2025-12-30 21:30:42
XPL,-15061697.0,0.154395,2290432.26279,35020.802527,5.0,458086.452558,1767126705455,2025-12-30 21:31:45
XPL,-15079685.0,0.154392,2291961.32315,36222.500447,5.0,458392.26463,1767126830887,2025-12-30 21:33:50
WLFI,-1305674.0,0.144058,192652.1987,-4558.796018,5.0,38530.43974,1766975469461,2025-12-29 03:31:09
WLFI,-2198616.0,0.144327,315567.35448,1754.402782,5.0,63113.470896,1767106042548,2025-12-30 15:47:22
WLFI,-2197592.0,0.144327,315508.28344,1665.681993,5.0,63101.656688,1767106210272,2025-12-30 15:50:10
WLFI,-2193043.0,0.144327,314833.25308,1684.164472,5.0,62966.650616,1767106240998,2025-12-30 15:50:40
WLFI,-2159854.0,0.144327,310457.41396,1269.902996,5.0,62091.482792,1767106374781,2025-12-30 15:52:54
WLFI,-2159708.0,0.144327,310781.9812,924.263874,5.0,62156.39624,1767106404391,2025-12-30 15:53:24
WLFI,-2141898.0,0.144327,307683.6477,1452.116439,5.0,61536.72954,1767106874950,2025-12-30 16:01:14
WLFI,-2119267.0,0.144327,303606.19042,2263.287704,5.0,60721.238084,1767107016701,2025-12-30 16:03:36
WLFI,-2118243.0,0.144327,303057.02601,2664.660285,5.0,60611.405202,1767107096986,2025-12-30 16:04:56
WLFI,-2114620.0,0.144327,302496.391,2702.395103,5.0,60499.2782,1767107181389,2025-12-30 16:06:21
WLFI,-2105515.0,0.144327,301046.5347,2838.145345,5.0,60209.30694,1767107242568,2025-12-30 16:07:22
WLFI,-2102014.0,0.144327,301008.4048,2370.983064,5.0,60201.68096,1767107302686,2025-12-30 16:08:22
WLFI,-2095668.0,0.144327,299785.3074,2678.175243,5.0,59957.06148,1767107361621,2025-12-30 16:09:21
WLFI,-2088669.0,0.144327,298575.23355,2878.097715,5.0,59715.04671,1767107423977,2025-12-30 16:10:23
WLFI,-2087645.0,0.144327,298846.38175,2459.157686,5.0,59769.27635,1767107485588,2025-12-30 16:11:25
WLFI,-2083823.0,0.144327,298299.26245,2454.65553,5.0,59659.85249,1767107605874,2025-12-30 16:13:25
WLFI,-2054128.0,0.144327,294068.96448,2399.134793,5.0,58813.792896,1767107729996,2025-12-30 16:15:29
WLFI,-2047132.0,0.144327,293067.41712,2390.963759,5.0,58613.483424,1767107892819,2025-12-30 16:18:12
WLFI,-2046875.0,0.144327,292805.46875,2615.819843,5.0,58561.09375,1767107956842,2025-12-30 16:19:16
WLFI,-1872661.0,0.144327,267584.53029,2692.807399,5.0,53516.906058,1767122132746,2025-12-30 20:15:32
WLFI,-1871637.0,0.144327,267325.91271,2803.63315,5.0,53465.182542,1767122272895,2025-12-30 20:17:52
WLFI,-1870411.0,0.144327,267150.80313,2801.796653,5.0,53430.160626,1767122369341,2025-12-30 20:19:29
WLFI,-1870288.0,0.144327,267320.26384,2614.583604,5.0,53464.052768,1767122431511,2025-12-30 20:20:31
WLFI,-1869264.0,0.144327,267286.05936,2500.996255,5.0,53457.211872,1767122587571,2025-12-30 20:23:07
WLFI,-1869013.0,0.144327,267642.6616,2108.167697,5.0,53528.53232,1767122842970,2025-12-30 20:27:22
WLFI,-1867989.0,0.144327,267496.0248,2107.012668,5.0,53499.20496,1767122966378,2025-12-30 20:29:26
WLFI,-1866018.0,0.144327,267549.66084,1768.906221,5.0,53509.932168,1767123041819,2025-12-30 20:30:41
WLFI,-1865259.0,0.144326,267608.70873,1597.355732,5.0,53521.741746,1767126371861,2025-12-30 21:26:11
WLFI,-1864589.0,0.144326,266822.6859,2286.679892,5.0,53364.53718,1767126767173,2025-12-30 21:32:47
WLFI,-1861092.0,0.144326,266340.87612,2263.780348,5.0,53268.175224,1767126830887,2025-12-30 21:33:50
ASTER,-1216281.0,0.732544,881755.07376,9225.447775,3.0,293918.35792,1766975469461,2025-12-29 03:31:09
ASTER,-1217109.0,0.732539,881418.16671,10162.115785,3.0,293806.05557,1766975530826,2025-12-29 03:32:10
ASTER,-1223058.0,0.732495,883365.87108,12518.388275,3.0,294455.29036,1766976363864,2025-12-29 03:46:03
ASTER,-1223822.0,0.732489,885435.217,11001.201195,3.0,295145.072333,1766976425315,2025-12-29 03:47:05
ASTER,-1875824.0,0.71857,1301653.03184,46258.256195,3.0,433884.343946,1767106042548,2025-12-30 15:47:22
ASTER,-1876999.0,0.718554,1302937.62584,45789.095355,3.0,434312.541946,1767106071954,2025-12-30 15:47:51
ASTER,-1878442.0,0.718535,1306155.86028,43571.509145,3.0,435385.28676,1767106210272,2025-12-30 15:50:10
ASTER,-1878792.0,0.718531,1313031.36504,36939.684885,3.0,437677.12168,1767106374781,2025-12-30 15:52:54
ASTER,-1878076.0,0.718531,1312023.8936,37432.687841,3.0,437341.297866,1767106404391,2025-12-30 15:53:24
ASTER,-1881297.0,0.718495,1308649.00617,43054.443031,3.0,436216.33539,1767106874950,2025-12-30 16:01:14
ASTER,-1881779.0,0.718489,1307365.96025,44672.498231,3.0,435788.653416,1767106935140,2025-12-30 16:02:15
ASTER,-1881056.0,0.718489,1301107.62464,50411.365929,3.0,433702.541546,1767107242568,2025-12-30 16:07:22
ASTER,-1955481.0,0.71744,1339915.13601,63026.201642,3.0,446638.37867,1767122132746,2025-12-30 20:15:32
ASTER,-1956234.0,0.717428,1342446.02016,61012.142252,3.0,447482.00672,1767122659091,2025-12-30 20:24:19
ASTER,-1956963.0,0.717416,1342613.60541,61344.774932,3.0,447537.86847,1767122719176,2025-12-30 20:25:19
ASTER,-1957692.0,0.717405,1344738.6348,59720.043662,3.0,448246.2116,1767122783006,2025-12-30 20:26:23
ASTER,-1958420.0,0.717394,1345454.1242,59504.704822,3.0,448484.708066,1767122903422,2025-12-30 20:28:23
ASTER,-1959147.0,0.717383,1347834.36159,57624.628892,3.0,449278.12053,1767123116039,2025-12-30 20:31:56
ASTER,-1971800.0,0.717194,1355277.294,58887.064492,3.0,451759.098,1767126371861,2025-12-30 21:26:11
ASTER,-1972145.0,0.717189,1353995.8712,60405.368212,3.0,451331.957066,1767126565179,2025-12-30 21:29:25
AVNT,-265245.0,0.370512,99246.72165,-970.146338,5.0,19849.34433,1766975469461,2025-12-29 03:31:09
AVNT,-264921.0,0.370512,98640.68514,-484.155863,5.0,19728.137028,1766976363864,2025-12-29 03:46:03
AVNT,-255249.0,0.397158,99327.59586,2046.830723,5.0,19865.519172,1767106042548,2025-12-30 15:47:22
AVNT,-255220.0,0.397158,99446.473,1916.435973,5.0,19889.2946,1767106240998,2025-12-30 15:50:40
AVNT,-255117.0,0.397158,99916.57305,1405.428549,5.0,19983.31461,1767106374781,2025-12-30 15:52:54
AVNT,-255114.0,0.397158,99861.82416,1458.985962,5.0,19972.364832,1767106404391,2025-12-30 15:53:24
AVNT,-253391.0,0.397143,99722.02805,910.541514,5.0,19944.40561,1767106874950,2025-12-30 16:01:14
AVNT,-250843.0,0.397143,98618.92545,1001.722666,5.0,19723.78509,1767106935140,2025-12-30 16:02:15
AVNT,-250816.0,0.397143,98339.93728,1269.987963,5.0,19667.987456,1767107096986,2025-12-30 16:04:56
AVNT,-251274.0,0.397136,98863.7553,926.241803,5.0,19772.75106,1767107423977,2025-12-30 16:10:23
AVNT,-252543.0,0.397121,100032.2823,258.094193,5.0,20006.45646,1767107485588,2025-12-30 16:11:25
AVNT,-256361.0,0.397062,100447.36702,1344.017873,5.0,20089.473404,1767108145081,2025-12-30 16:22:25
AVNT,-236744.0,0.396211,91409.22584,2391.483509,5.0,18281.845168,1767122132746,2025-12-30 20:15:32
AVNT,-236701.0,0.396211,91674.2973,2109.374951,5.0,18334.85946,1767122272895,2025-12-30 20:17:52
AVNT,-236714.0,0.396211,91549.1395,2239.559071,5.0,18309.8279,1767122783006,2025-12-30 20:26:23
AVNT,-237592.0,0.395986,90862.30856,3220.983476,5.0,18172.461712,1767126371861,2025-12-30 21:26:11
AVNT,-237908.0,0.395967,90773.7974,3430.140276,5.0,18154.75948,1767126502693,2025-12-30 21:28:22
AVNT,-239193.0,0.395883,90761.78385,3930.710826,5.0,18152.35677,1767126642412,2025-12-30 21:30:42
AVNT,-239163.0,0.395883,90556.67832,4123.939859,5.0,18111.335664,1767126705455,2025-12-30 21:31:45
AVNT,-239001.0,0.395883,90648.29928,3968.185817,5.0,18129.659856,1767126767173,2025-12-30 21:32:47
STBL,-3268894.0,0.046149,170355.141916,-19498.587216,3.0,56785.047305,1766975469461,2025-12-29 03:31:09
STBL,-3268526.0,0.046149,169839.148012,-18999.576186,3.0,56613.049337,1766975530826,2025-12-29 03:32:10
STBL,-3256693.0,0.046149,170080.791925,-19786.069019,3.0,56693.597308,1766976363864,2025-12-29 03:46:03
STBL,-3256131.0,0.046149,169976.550462,-19707.76357,3.0,56658.850154,1766976425315,2025-12-29 03:47:05
STBL,-3530513.0,0.050838,196999.094887,-17514.279915,3.0,65666.364962,1767106042548,2025-12-30 15:47:22
STBL,-3530242.0,0.050838,197227.560056,-17756.522228,3.0,65742.520018,1767106210272,2025-12-30 15:50:10
STBL,-3536633.0,0.050847,197803.88369,-17975.314149,3.0,65934.627896,1767106240998,2025-12-30 15:50:40
STBL,-3519457.0,0.050847,195541.03092,-16585.816209,3.0,65180.34364,1767106374781,2025-12-30 15:52:54
STBL,-3518749.0,0.050847,195959.13181,-17038.063061,3.0,65319.710603,1767106874950,2025-12-30 16:01:14
STBL,-3507565.0,0.050847,193424.671925,-15072.286317,3.0,64474.890641,1767107302686,2025-12-30 16:08:22
STBL,-3523551.0,0.050867,194010.241611,-14775.895107,3.0,64670.080537,1767107423977,2025-12-30 16:10:23
STBL,-3523005.0,0.050867,191750.11614,-12543.543309,3.0,63916.70538,1767108021421,2025-12-30 16:20:21
STBL,-3522237.0,0.050867,191627.303985,-12459.79742,3.0,63875.767995,1767108082262,2025-12-30 16:21:22
STBL,-3633366.0,0.051116,200587.236762,-14860.932337,3.0,66862.412254,1767122132746,2025-12-30 20:15:32
STBL,-3632820.0,0.051116,201196.47006,-15498.075448,3.0,67065.49002,1767122587571,2025-12-30 20:23:07
STBL,-3632274.0,0.051116,201246.14097,-15575.656171,3.0,67082.04699,1767122659091,2025-12-30 20:24:19
STBL,-3631728.0,0.051116,201263.102304,-15620.527318,3.0,67087.700768,1767122783006,2025-12-30 20:26:23
STBL,-3631182.0,0.051116,201410.771994,-15796.106821,3.0,67136.923998,1767122903422,2025-12-30 20:28:23
STBL,-3630932.0,0.051116,201629.284892,-16027.398937,3.0,67209.76163,1767123041819,2025-12-30 20:30:41
STBL,-3620726.0,0.051116,200602.703304,-15522.516144,3.0,66867.567768,1767123116039,2025-12-30 20:31:56
STBL,-3581729.0,0.051117,198542.401928,-15452.131979,3.0,66180.800642,1767126371861,2025-12-30 21:26:11
STBL,-3570347.0,0.051117,197440.1891,-14931.74247,3.0,65813.396366,1767126767173,2025-12-30 21:32:47
0G,3.0,1.8125,2.92473,-2.51277,3.0,0.97491,1766975469461,2025-12-29 03:31:09
2Z,-125127.0,0.118817,14820.04188,47.258711,3.0,4940.01396,1766975469461,2025-12-29 03:31:09
2Z,-125119.0,0.118817,14827.85269,38.456313,3.0,4942.617563,1766975530826,2025-12-29 03:32:10
2Z,-126297.0,0.118813,14993.97984,11.756961,3.0,4997.99328,1766976363864,2025-12-29 03:46:03
2Z,-123912.0,0.118184,14697.20232,-52.699819,3.0,4899.06744,1767106042548,2025-12-30 15:47:22
2Z,-121218.0,0.118185,14366.75736,-40.594062,3.0,4788.91912,1767106210272,2025-12-30 15:50:10
2Z,-121348.0,0.118185,14342.12012,-0.585622,3.0,4780.706706,1767106404391,2025-12-30 15:53:24
2Z,-114264.0,0.118175,13444.30224,58.941231,3.0,4481.43408,1767106874950,2025-12-30 16:01:14
2Z,-112131.0,0.118175,13168.66464,82.509777,3.0,4389.55488,1767106935140,2025-12-30 16:02:15
2Z,-108569.0,0.118175,12734.05801,96.174086,3.0,4244.686003,1767107016701,2025-12-30 16:03:36
2Z,-106123.0,0.118175,12430.18699,110.987015,3.0,4143.395663,1767107096986,2025-12-30 16:04:56
2Z,-106290.0,0.118173,12409.3575,151.353835,3.0,4136.4525,1767107181389,2025-12-30 16:06:21
2Z,-105848.0,0.118173,12341.8768,166.601638,3.0,4113.958933,1767107242568,2025-12-30 16:07:22
2Z,-103809.0,0.118173,12251.53818,15.952762,3.0,4083.84606,1767107302686,2025-12-30 16:08:22
2Z,-91088.0,0.118173,10752.9384,11.26523,3.0,3584.3128,1767107361621,2025-12-30 16:09:21
2Z,-80497.0,0.118173,9506.6957,5.930546,3.0,3168.898566,1767107423977,2025-12-30 16:10:23
2Z,-78382.0,0.118173,9275.72588,-13.036955,3.0,3091.908626,1767107485588,2025-12-30 16:11:25
2Z,-76266.0,0.118173,9026.0811,-13.44767,3.0,3008.6937,1767107605874,2025-12-30 16:13:25
2Z,-74153.0,0.118173,8775.26602,-12.333564,3.0,2925.088673,1767107667665,2025-12-30 16:14:27
2Z,-67808.0,0.118173,8020.33024,-7.209748,3.0,2673.443413,1767107729996,2025-12-30 16:15:29
2Z,-72681.0,0.118177,8598.88911,-9.633828,3.0,2866.29637,1767107818709,2025-12-30 16:16:58
2Z,-72545.0,0.118177,8559.58455,13.598598,3.0,2853.19485,1767107956842,2025-12-30 16:19:16
2Z,-72378.0,0.118177,8541.32778,12.119733,3.0,2847.10926,1767108021421,2025-12-30 16:20:21
2Z,-72128.0,0.118177,8526.97216,-3.06901,3.0,2842.324053,1767108082262,2025-12-30 16:21:22
2Z,-70011.0,0.118177,8283.70152,-9.980033,3.0,2761.23384,1767108145081,2025-12-30 16:22:25
2Z,40668.0,0.124535,5023.31136,-41.313386,3.0,1674.43712,1767122132746,2025-12-30 20:15:32
2Z,40355.0,0.124535,4987.878,-37.767018,3.0,1662.626,1767122272895,2025-12-30 20:17:52
2Z,40019.0,0.124535,4943.94726,-39.853705,3.0,1647.98242,1767122431511,2025-12-30 20:20:31
2Z,39866.0,0.124535,4931.4242,-33.322776,3.0,1643.808066,1767122659091,2025-12-30 20:24:19
2Z,36725.0,0.124462,4479.7155,-91.171929,3.0,1493.2385,1767126371861,2025-12-30 21:26:11
2Z,36484.0,0.124462,4457.25028,-83.641672,3.0,1485.750093,1767126502693,2025-12-30 21:28:22
2Z,36640.0,0.124452,4479.6064,-80.336272,3.0,1493.202133,1767126767173,2025-12-30 21:32:47
ZEC,-5437.26,464.8514,2944004.427,-416486.05266,5.0,588800.8854,1766975469461,2025-12-29 03:31:09
ZEC,-5412.88,464.8542,2922522.1696,-406322.162965,5.0,584504.43392,1766976363864,2025-12-29 03:46:03
ZEC,-5409.41,464.8542,2921730.5292,-407143.566645,5.0,584346.10584,1766976425315,2025-12-29 03:47:05
ZEC,-3071.81,479.9427,1658562.3733,-184269.437158,5.0,331712.47466,1767106042548,2025-12-30 15:47:22
ZEC,-3068.69,479.9427,1656724.3572,-183928.842436,5.0,331344.87144,1767106071954,2025-12-30 15:47:51
ZEC,-3064.69,479.9427,1655668.1256,-184792.381834,5.0,331133.62512,1767106210272,2025-12-30 15:50:10
ZEC,-3062.62,479.9427,1656877.42,-186995.157725,5.0,331375.484,1767106240998,2025-12-30 15:50:40
ZEC,-3060.31,480.0252,1659728.5254,-190702.595994,5.0,331945.70508,1767106374781,2025-12-30 15:52:54
ZEC,-3058.76,480.0252,1654177.408,-185895.517661,5.0,330835.4816,1767106434601,2025-12-30 15:53:54
ZEC,-3047.22,480.0252,1642634.4132,-179892.01372,5.0,328526.88264,1767106874950,2025-12-30 16:01:14
ZEC,-3045.15,480.0252,1639265.148,-177516.400693,5.0,327853.0296,1767106935140,2025-12-30 16:02:15
ZEC,-3043.77,480.0252,1634352.3015,-173265.988975,5.0,326870.4603,1767107016701,2025-12-30 16:03:36
ZEC,-3040.32,480.0252,1633047.0816,-173616.85603,5.0,326609.41632,1767107096986,2025-12-30 16:04:56
ZEC,-3038.14,480.0252,1631633.087,-173249.316376,5.0,326326.6174,1767107181389,2025-12-30 16:06:21
ZEC,-3036.73,480.0252,1629175.2777,-171468.342615,5.0,325835.05554,1767107242568,2025-12-30 16:07:22
ZEC,-3035.2,480.0252,1628627.616,-171655.119478,5.0,325725.5232,1767107302686,2025-12-30 16:08:22
ZEC,-3033.73,480.0252,1627747.8315,-171480.972029,5.0,325549.5663,1767107423977,2025-12-30 16:10:23
ZEC,-3032.95,480.0252,1629513.0465,-173620.606689,5.0,325902.6093,1767107485588,2025-12-30 16:11:25
ZEC,-3032.02,480.0252,1628952.745,-173506.72863,5.0,325790.549,1767107546434,2025-12-30 16:12:26
ZEC,-3031.03,480.0252,1628663.3499,-173692.558483,5.0,325732.66998,1767107729996,2025-12-30 16:15:29
ZEC,-3026.7,480.0252,1626518.313,-173626.030718,5.0,325303.6626,1767107818709,2025-12-30 16:16:58
ZEC,-3025.84,480.0252,1625239.1808,-172759.720194,5.0,325047.83616,1767107892819,2025-12-30 16:18:12
ZEC,-3019.45,480.0252,1620659.593,-171247.49345,5.0,324131.9186,1767107956842,2025-12-30 16:19:16
ZEC,-3018.37,480.0252,1620593.0367,-171699.364371,5.0,324118.60734,1767108021421,2025-12-30 16:20:21
ZEC,-3014.71,480.0252,1616879.4143,-169742.634219,5.0,323375.88286,1767108082262,2025-12-30 16:21:22
ZEC,-3013.87,480.0252,1614650.7138,-167917.154891,5.0,322930.14276,1767108145081,2025-12-30 16:22:25
ZEC,-2746.86,481.5221,1469954.6604,-147280.683662,5.0,293990.93208,1767122132746,2025-12-30 20:15:32
ZEC,-2745.32,481.5493,1464655.6732,-142648.556614,5.0,292931.13464,1767122272895,2025-12-30 20:17:52
ZEC,-2743.52,481.5493,1464353.8,-143213.472283,5.0,292870.76,1767122369341,2025-12-30 20:19:29
ZEC,-2740.28,481.5493,1464487.8404,-144907.732648,5.0,292897.56808,1767122431511,2025-12-30 20:20:31
ZEC,-2739.39,481.5493,1464176.5611,-145025.032291,5.0,292835.31222,1767122525806,2025-12-30 20:22:05
ZEC,-2739.29,481.5493,1463383.5038,-144280.129929,5.0,292676.70076,1767122587571,2025-12-30 20:23:07
ZEC,-2737.16,481.5493,1466022.896,-147945.222291,5.0,293204.5792,1767122659091,2025-12-30 20:24:19
ZEC,-2736.74,481.5493,1466098.9854,-148223.562427,5.0,293219.79708,1767122719176,2025-12-30 20:25:19
ZEC,-2735.72,481.5493,1463911.1292,-146526.886586,5.0,292782.22584,1767122783006,2025-12-30 20:26:23
ZEC,-2733.62,481.5493,1461283.9072,-144910.918266,5.0,292256.78144,1767122966378,2025-12-30 20:29:26
ZEC,-2733.42,481.5493,1459017.5934,-142740.914341,5.0,291803.51868,1767123116039,2025-12-30 20:31:56
ZEC,-2721.97,481.7186,1455110.7226,-143886.92579,5.0,291022.14452,1767126371861,2025-12-30 21:26:11
ZEC,-2720.03,481.7186,1453937.6359,-143648.373332,5.0,290787.52718,1767126502693,2025-12-30 21:28:22
ZEC,-2718.51,481.7186,1452663.0036,-143105.953429,5.0,290532.60072,1767126565179,2025-12-30 21:29:25
ZEC,-2715.71,481.7186,1449211.4844,-141003.246537,5.0,289842.29688,1767126642412,2025-12-30 21:30:42
ZEC,-2713.61,481.7186,1447222.4852,-140025.856568,5.0,289444.49704,1767126705455,2025-12-30 21:31:45
ZEC,-2712.91,481.7186,1445981.03,-139121.604445,5.0,289196.206,1767126767173,2025-12-30 21:32:47
ZEC,-2712.21,481.7186,1444794.267,-138272.044522,5.0,288958.8534,1767126830887,2025-12-30 21:33:50
MON,-43054744.0,0.021985,1018029.42188,-71462.339928,3.0,339343.140626,1766975469461,2025-12-29 03:31:09
MON,-43040359.0,0.021985,1016699.360298,-70447.795546,3.0,338899.786766,1766975530826,2025-12-29 03:32:10
MON,-43411595.0,0.022007,1045351.2076,-89985.502916,3.0,348450.402533,1766976363864,2025-12-29 03:46:03
MON,-43401192.0,0.022007,1045534.71528,-90397.951031,3.0,348511.57176,1766976425315,2025-12-29 03:47:05
MON,-39515856.0,0.021996,855478.766544,13745.260868,3.0,285159.588848,1767106042548,2025-12-30 15:47:22
MON,-39504324.0,0.021996,861115.254552,7855.105282,3.0,287038.418184,1767106374781,2025-12-30 15:52:54
MON,-39497269.0,0.021996,860882.475124,7932.696992,3.0,286960.825041,1767106434601,2025-12-30 15:53:54
MON,-39438365.0,0.021996,858612.644415,8904.78781,3.0,286204.214805,1767106874950,2025-12-30 16:01:14
MON,-39376944.0,0.021996,854519.061744,11647.305641,3.0,284839.687248,1767107016701,2025-12-30 16:03:36
MON,-39353869.0,0.021996,853782.187955,11876.603501,3.0,284594.062651,1767107096986,2025-12-30 16:04:56
MON,-39319294.0,0.021996,853818.46921,11079.783232,3.0,284606.156403,1767107181389,2025-12-30 16:06:21
MON,-39307753.0,0.021996,852663.778076,11980.609412,3.0,284221.259358,1767107361621,2025-12-30 16:09:21
MON,-39296211.0,0.021996,852531.297645,11859.202893,3.0,284177.099215,1767107423977,2025-12-30 16:10:23
MON,-39273143.0,0.021996,853523.216819,10359.861766,3.0,284507.738939,1767107485588,2025-12-30 16:11:25
MON,-39265013.0,0.021996,852639.757295,11064.487387,3.0,284213.252431,1767107546434,2025-12-30 16:12:26
MON,-39263001.0,0.021996,852164.173704,11495.813436,3.0,284054.724568,1767107605874,2025-12-30 16:13:25
MON,-39253410.0,0.021996,849993.34014,13455.675787,3.0,283331.11338,1767107667665,2025-12-30 16:14:27
MON,-39241830.0,0.021996,849389.41035,13804.882748,3.0,283129.80345,1767107892819,2025-12-30 16:18:12
MON,-39213936.0,0.021996,848393.50536,14187.209277,3.0,282797.83512,1767107956842,2025-12-30 16:19:16
MON,-39202370.0,0.021996,848809.71524,13516.584524,3.0,282936.571746,1767108082262,2025-12-30 16:21:22
MON,-39189782.0,0.021996,848341.210954,13708.193217,3.0,282780.403651,1767108145081,2025-12-30 16:22:25
MON,-38204718.0,0.021993,822776.806848,17497.104766,3.0,274258.935616,1767122132746,2025-12-30 20:15:32
MON,-38205253.0,0.021993,824049.101957,16236.333022,3.0,274683.033985,1767122431511,2025-12-30 20:20:31
MON,-38204326.0,0.021993,824143.720472,16121.32609,3.0,274714.57349,1767122659091,2025-12-30 20:24:19
MON,-38192753.0,0.021993,826032.861884,13977.648388,3.0,275344.287294,1767122842970,2025-12-30 20:27:22
MON,-38189799.0,0.021993,826847.338149,13090.182243,3.0,275615.779383,1767122903422,2025-12-30 20:28:23
MON,-38178250.0,0.021993,826520.93425,13162.580133,3.0,275506.978083,1767122966378,2025-12-30 20:29:26
MON,-38143526.0,0.021993,826112.486108,12807.316727,3.0,275370.828702,1767123041819,2025-12-30 20:30:41
MON,-38065936.0,0.021992,830408.39384,6762.452253,3.0,276802.797946,1767126371861,2025-12-30 21:26:11
MON,-38169442.0,0.021992,832437.360578,6992.004613,3.0,277479.120192,1767126502693,2025-12-30 21:28:22
MON,-38178375.0,0.021992,832250.396625,7373.850894,3.0,277416.798875,1767126565179,2025-12-30 21:29:25
MON,-38247041.0,0.021991,837227.72749,3898.13999,3.0,279075.909163,1767126705455,2025-12-30 21:31:45
MON,-38254356.0,0.021991,837502.615908,3783.545167,3.0,279167.538636,1767126767173,2025-12-30 21:32:47
MON,-38256433.0,0.021991,837854.139133,3477.564321,3.0,279284.713044,1767126830887,2025-12-30 21:33:50
MET,175324.0,0.256491,45742.0316,772.847566,3.0,15247.343866,1766975469461,2025-12-29 03:31:09
MET,175066.0,0.256491,45660.71412,757.704994,3.0,15220.23804,1766975530826,2025-12-29 03:32:10
MET,174570.0,0.256496,45540.0759,763.474737,3.0,15180.0253,1766976363864,2025-12-29 03:46:03
MET,174312.0,0.256496,45434.4228,723.997745,3.0,15144.8076,1766976425315,2025-12-29 03:47:05
MET,-126364.0,0.252012,32071.1832,-225.906173,3.0,10690.3944,1767106042548,2025-12-30 15:47:22
MET,-127529.0,0.252036,32477.81043,-335.880033,3.0,10825.93681,1767106210272,2025-12-30 15:50:10
MET,-130067.0,0.252087,33103.35217,-315.025893,3.0,11034.450723,1767106240998,2025-12-30 15:50:40
MET,-134630.0,0.252205,34344.113,-389.728503,3.0,11448.037666,1767106874950,2025-12-30 16:01:14
MET,-134794.0,0.252208,34283.50596,-287.304743,3.0,11427.83532,1767107016701,2025-12-30 16:03:36
MET,-134733.0,0.252208,34285.50651,-304.690016,3.0,11428.50217,1767107181389,2025-12-30 16:06:21
MET,-134888.0,0.252211,34357.32248,-336.967036,3.0,11452.440826,1767107423977,2025-12-30 16:10:23
MET,-135110.0,0.252216,34435.4857,-358.554456,3.0,11478.495233,1767107546434,2025-12-30 16:12:26
MET,-135274.0,0.252219,34454.2878,-335.546396,3.0,11484.7626,1767107605874,2025-12-30 16:13:25
MET,-135498.0,0.252223,34461.20634,-285.436896,3.0,11487.06878,1767107667665,2025-12-30 16:14:27
MET,-138074.0,0.252265,35128.78708,-297.434016,3.0,11709.595693,1767107818709,2025-12-30 16:16:58
MET,-140684.0,0.252307,35804.078,-308.465176,3.0,11934.692666,1767107892819,2025-12-30 16:18:12
MET,-140848.0,0.25231,35906.38064,-368.944536,3.0,11968.793546,1767108021421,2025-12-30 16:20:21
MET,-140789.0,0.25231,35891.33977,-368.789989,3.0,11963.779923,1767108082262,2025-12-30 16:21:22
MET,-140632.0,0.25231,35879.44216,-396.505136,3.0,11959.814053,1767108145081,2025-12-30 16:22:25
MET,-147928.0,0.253064,37550.04352,-114.71521,3.0,12516.681173,1767122132746,2025-12-30 20:15:32
MET,-148092.0,0.253065,37563.5358,-86.57609,3.0,12521.1786,1767122272895,2025-12-30 20:17:52
MET,-148190.0,0.253066,37672.8618,-170.968086,3.0,12557.6206,1767122431511,2025-12-30 20:20:31
MET,-147851.0,0.253066,37592.59526,-176.49102,3.0,12530.865086,1767122525806,2025-12-30 20:22:05
MET,-149086.0,0.253076,37933.44184,-203.2524,3.0,12644.480613,1767122966378,2025-12-30 20:29:26
MET,-149348.0,0.253078,38024.0008,-227.17952,3.0,12674.666933,1767123041819,2025-12-30 20:30:41
MET,-149272.0,0.253078,37967.3332,-189.745914,3.0,12655.777733,1767123116039,2025-12-30 20:31:56
MET,-153213.0,0.253097,38784.33882,-6.571858,3.0,12928.11294,1767126371861,2025-12-30 21:26:11
MET,-153377.0,0.253097,38808.98231,10.301252,3.0,12936.327436,1767126502693,2025-12-30 21:28:22
MET,-153541.0,0.253097,38828.98349,31.783872,3.0,12942.994496,1767126642412,2025-12-30 21:30:42
MET,-153435.0,0.253097,38808.31455,25.624529,3.0,12936.10485,1767126705455,2025-12-30 21:31:45
MET,-158464.0,0.253103,40137.34656,-29.582431,3.0,13379.11552,1767126830887,2025-12-30 21:33:50
